[
  {
    "pk": 1, 
    "model": "coop.unit", 
    "fields": {
      "block_number": 1701, 
      "unit_number": 101
    }
  }, 
  {
    "pk": 2, 
    "model": "coop.unit", 
    "fields": {
      "block_number": 1701, 
      "unit_number": 102
    }
  }, 
  {
    "pk": 3, 
    "model": "coop.unit", 
    "fields": {
      "block_number": 1701, 
      "unit_number": 103
    }
  }, 
  {
    "pk": 4, 
    "model": "coop.unit", 
    "fields": {
      "block_number": 1701, 
      "unit_number": 104
    }
  }, 
  {
    "pk": 5, 
    "model": "coop.unit", 
    "fields": {
      "block_number": 1701, 
      "unit_number": 105
    }
  }, 
  {
    "pk": 6, 
    "model": "coop.unit", 
    "fields": {
      "block_number": 1701, 
      "unit_number": 106
    }
  }, 
  {
    "pk": 7, 
    "model": "coop.unit", 
    "fields": {
      "block_number": 1701, 
      "unit_number": 107
    }
  }, 
  {
    "pk": 8, 
    "model": "coop.unit", 
    "fields": {
      "block_number": 1701, 
      "unit_number": 108
    }
  }, 
  {
    "pk": 9, 
    "model": "coop.unit", 
    "fields": {
      "block_number": 1701, 
      "unit_number": 109
    }
  }, 
  {
    "pk": 10, 
    "model": "coop.unit", 
    "fields": {
      "block_number": 1701, 
      "unit_number": 110
    }
  }, 
  {
    "pk": 11, 
    "model": "coop.unit", 
    "fields": {
      "block_number": 1701, 
      "unit_number": 111
    }
  }, 
  {
    "pk": 12, 
    "model": "coop.unit", 
    "fields": {
      "block_number": 1701, 
      "unit_number": 112
    }
  }, 
  {
    "pk": 13, 
    "model": "coop.unit", 
    "fields": {
      "block_number": 1701, 
      "unit_number": 113
    }
  }, 
  {
    "pk": 14, 
    "model": "coop.unit", 
    "fields": {
      "block_number": 1703, 
      "unit_number": 101
    }
  }, 
  {
    "pk": 15, 
    "model": "coop.unit", 
    "fields": {
      "block_number": 1703, 
      "unit_number": 102
    }
  }, 
  {
    "pk": 16, 
    "model": "coop.unit", 
    "fields": {
      "block_number": 1703, 
      "unit_number": 103
    }
  }, 
  {
    "pk": 17, 
    "model": "coop.unit", 
    "fields": {
      "block_number": 1703, 
      "unit_number": 104
    }
  }, 
  {
    "pk": 18, 
    "model": "coop.unit", 
    "fields": {
      "block_number": 1703, 
      "unit_number": 105
    }
  }, 
  {
    "pk": 19, 
    "model": "coop.unit", 
    "fields": {
      "block_number": 1703, 
      "unit_number": 106
    }
  }, 
  {
    "pk": 20, 
    "model": "coop.unit", 
    "fields": {
      "block_number": 1715, 
      "unit_number": 101
    }
  }, 
  {
    "pk": 21, 
    "model": "coop.unit", 
    "fields": {
      "block_number": 1715, 
      "unit_number": 102
    }
  }, 
  {
    "pk": 22, 
    "model": "coop.unit", 
    "fields": {
      "block_number": 1715, 
      "unit_number": 103
    }
  }, 
  {
    "pk": 23, 
    "model": "coop.unit", 
    "fields": {
      "block_number": 1715, 
      "unit_number": 104
    }
  }, 
  {
    "pk": 24, 
    "model": "coop.unit", 
    "fields": {
      "block_number": 1715, 
      "unit_number": 105
    }
  }, 
  {
    "pk": 25, 
    "model": "coop.unit", 
    "fields": {
      "block_number": 1715, 
      "unit_number": 106
    }
  }, 
  {
    "pk": 26, 
    "model": "coop.unit", 
    "fields": {
      "block_number": 1715, 
      "unit_number": 107
    }
  }, 
  {
    "pk": 27, 
    "model": "coop.unit", 
    "fields": {
      "block_number": 1715, 
      "unit_number": 108
    }
  }, 
  {
    "pk": 28, 
    "model": "coop.unit", 
    "fields": {
      "block_number": 1739, 
      "unit_number": 101
    }
  }, 
  {
    "pk": 29, 
    "model": "coop.unit", 
    "fields": {
      "block_number": 1739, 
      "unit_number": 102
    }
  }, 
  {
    "pk": 30, 
    "model": "coop.unit", 
    "fields": {
      "block_number": 1739, 
      "unit_number": 103
    }
  }, 
  {
    "pk": 31, 
    "model": "coop.unit", 
    "fields": {
      "block_number": 1739, 
      "unit_number": 104
    }
  }, 
  {
    "pk": 32, 
    "model": "coop.unit", 
    "fields": {
      "block_number": 1739, 
      "unit_number": 105
    }
  }, 
  {
    "pk": 33, 
    "model": "coop.unit", 
    "fields": {
      "block_number": 1739, 
      "unit_number": 106
    }
  }, 
  {
    "pk": 34, 
    "model": "coop.unit", 
    "fields": {
      "block_number": 1739, 
      "unit_number": 107
    }
  }, 
  {
    "pk": 35, 
    "model": "coop.unit", 
    "fields": {
      "block_number": 1739, 
      "unit_number": 108
    }
  }, 
  {
    "pk": 36, 
    "model": "coop.unit", 
    "fields": {
      "block_number": 1739, 
      "unit_number": 109
    }
  }, 
  {
    "pk": 37, 
    "model": "coop.unit", 
    "fields": {
      "block_number": 1739, 
      "unit_number": 110
    }
  }, 
  {
    "pk": 38, 
    "model": "coop.unit", 
    "fields": {
      "block_number": 1739, 
      "unit_number": 111
    }
  }, 
  {
    "pk": 39, 
    "model": "coop.unit", 
    "fields": {
      "block_number": 1747, 
      "unit_number": 101
    }
  }, 
  {
    "pk": 40, 
    "model": "coop.unit", 
    "fields": {
      "block_number": 1747, 
      "unit_number": 102
    }
  }, 
  {
    "pk": 41, 
    "model": "coop.unit", 
    "fields": {
      "block_number": 1747, 
      "unit_number": 103
    }
  }, 
  {
    "pk": 42, 
    "model": "coop.unit", 
    "fields": {
      "block_number": 1747, 
      "unit_number": 104
    }
  }, 
  {
    "pk": 43, 
    "model": "coop.unit", 
    "fields": {
      "block_number": 1747, 
      "unit_number": 105
    }
  }, 
  {
    "pk": 44, 
    "model": "coop.unit", 
    "fields": {
      "block_number": 1747, 
      "unit_number": 106
    }
  }, 
  {
    "pk": 45, 
    "model": "coop.unit", 
    "fields": {
      "block_number": 1747, 
      "unit_number": 107
    }
  }, 
  {
    "pk": 46, 
    "model": "coop.unit", 
    "fields": {
      "block_number": 1747, 
      "unit_number": 108
    }
  }, 
  {
    "pk": 1, 
    "model": "coop.person", 
    "fields": {
      "first_name": "Elba", 
      "last_name": "Landberg", 
      "email": "marina@gmail.com", 
      "member": true, 
      "phone_numbers": [
        1
      ], 
      "children": [], 
      "unit": 38
    }
  }, 
  {
    "pk": 2, 
    "model": "coop.person", 
    "fields": {
      "first_name": "Huey", 
      "last_name": "Citroni", 
      "email": "caissie@hotmail.com", 
      "member": true, 
      "phone_numbers": [
        2
      ], 
      "children": [], 
      "unit": 24
    }
  }, 
  {
    "pk": 3, 
    "model": "coop.person", 
    "fields": {
      "first_name": "Terrell", 
      "last_name": "Dangerfield", 
      "email": "kelley@aol.com", 
      "member": true, 
      "phone_numbers": [
        3
      ], 
      "children": [], 
      "unit": 8
    }
  }, 
  {
    "pk": 4, 
    "model": "coop.person", 
    "fields": {
      "first_name": "Taylor", 
      "last_name": "Gallosa", 
      "email": "doverspike@aol.com", 
      "member": true, 
      "phone_numbers": [
        4
      ], 
      "children": [], 
      "unit": 20
    }
  }, 
  {
    "pk": 5, 
    "model": "coop.person", 
    "fields": {
      "first_name": "Libby", 
      "last_name": "Gallosa", 
      "email": "doverspike@aol.com", 
      "member": true, 
      "phone_numbers": [
        4
      ], 
      "children": [], 
      "unit": 20
    }
  }, 
  {
    "pk": 6, 
    "model": "coop.person", 
    "fields": {
      "first_name": "Delmy", 
      "last_name": "Petrina", 
      "email": "kelley@aol.com", 
      "member": true, 
      "phone_numbers": [
        5
      ], 
      "children": [
        71, 
        72
      ], 
      "unit": 42
    }
  }, 
  {
    "pk": 7, 
    "model": "coop.person", 
    "fields": {
      "first_name": "Vanita", 
      "last_name": "Steffey", 
      "email": "kindler@aol.com", 
      "member": true, 
      "phone_numbers": [
        6
      ], 
      "children": [], 
      "unit": 19
    }
  }, 
  {
    "pk": 8, 
    "model": "coop.person", 
    "fields": {
      "first_name": "Kathe", 
      "last_name": "Vandersteen", 
      "email": "dingus@hotmail.com", 
      "member": true, 
      "phone_numbers": [
        7
      ], 
      "children": [], 
      "unit": 25
    }
  }, 
  {
    "pk": 9, 
    "model": "coop.person", 
    "fields": {
      "first_name": "Dannielle", 
      "last_name": "Mallonee", 
      "notes": "Moved to 108, 1701 as of Aug. 01, 2014", 
      "email": "kelley@aol.com", 
      "member": true, 
      "phone_numbers": [
        8
      ], 
      "children": [
        73, 
        74, 
        75
      ], 
      "unit": 31
    }
  }, 
  {
    "pk": 10, 
    "model": "coop.person", 
    "fields": {
      "first_name": "Haley", 
      "last_name": "Mallonee", 
      "notes": "Moved to 108, 1701 as of Aug. 01, 2014", 
      "email": "lijewski@live.com", 
      "member": true, 
      "phone_numbers": [
        8
      ], 
      "children": [
        73, 
        74, 
        75
      ], 
      "unit": 31
    }
  }, 
  {
    "pk": 11, 
    "model": "coop.person", 
    "fields": {
      "first_name": "Justin", 
      "last_name": "Fiermonte", 
      "notes": "Will move in on Aug. 01/14. Moving from Winnipeg. Phone number not available yet.", 
      "email": "tonie@hotmail.com", 
      "member": true, 
      "phone_numbers": [], 
      "children": [
        76, 
        77
      ], 
      "unit": 10
    }
  }, 
  {
    "pk": 12, 
    "model": "coop.person", 
    "fields": {
      "first_name": "Delbert", 
      "last_name": "Fiermonte", 
      "notes": "Will move in on Aug. 01/14. Moving from Winnipeg. Phone number not available yet.", 
      "email": "tonie@hotmail.com", 
      "member": true, 
      "phone_numbers": [], 
      "children": [
        76, 
        77
      ], 
      "unit": 10
    }
  }, 
  {
    "pk": 13, 
    "model": "coop.person", 
    "fields": {
      "first_name": "Ozie", 
      "last_name": "Guzma", 
      "email": "hannagan@yahoo.com", 
      "member": true, 
      "phone_numbers": [
        9
      ], 
      "children": [
        78, 
        79
      ], 
      "unit": 21
    }
  }, 
  {
    "pk": 14, 
    "model": "coop.person", 
    "fields": {
      "first_name": "Vanita", 
      "last_name": "Chmiel", 
      "email": "hayoz@gmail.com", 
      "member": true, 
      "phone_numbers": [
        9
      ], 
      "children": [
        78, 
        79
      ], 
      "unit": 21
    }
  }, 
  {
    "pk": 15, 
    "model": "coop.person", 
    "fields": {
      "first_name": "Thad", 
      "last_name": "Lindner", 
      "email": "gauci@gmail.com", 
      "member": true, 
      "phone_numbers": [
        10
      ], 
      "children": [
        80, 
        81
      ], 
      "unit": 37
    }
  }, 
  {
    "pk": 16, 
    "model": "coop.person", 
    "fields": {
      "first_name": "Ettie", 
      "last_name": "Coke", 
      "email": "karma@hotmail.com", 
      "member": true, 
      "phone_numbers": [
        11
      ], 
      "children": [], 
      "unit": 23
    }
  }, 
  {
    "pk": 17, 
    "model": "coop.person", 
    "fields": {
      "first_name": "Kaitlyn", 
      "last_name": "Respes", 
      "email": "conant@yahoo.com", 
      "member": true, 
      "phone_numbers": [
        12
      ], 
      "children": [], 
      "unit": 3
    }
  }, 
  {
    "pk": 18, 
    "model": "coop.person", 
    "fields": {
      "first_name": "Heide", 
      "last_name": "Carnall", 
      "email": "pough@aol.com", 
      "member": true, 
      "phone_numbers": [
        13
      ], 
      "children": [], 
      "unit": 14
    }
  }, 
  {
    "pk": 19, 
    "model": "coop.person", 
    "fields": {
      "first_name": "Mitchell", 
      "last_name": "Carnall", 
      "email": "pough@aol.com", 
      "member": true, 
      "phone_numbers": [
        13
      ], 
      "children": [], 
      "unit": 14
    }
  }, 
  {
    "pk": 20, 
    "model": "coop.person", 
    "fields": {
      "first_name": "Khadijah", 
      "last_name": "Groholski", 
      "email": "knepshield@aol.com", 
      "member": true, 
      "phone_numbers": [
        14
      ], 
      "children": [
        82
      ], 
      "unit": 27
    }
  }, 
  {
    "pk": 21, 
    "model": "coop.person", 
    "fields": {
      "first_name": "Jannet", 
      "last_name": "Groholski", 
      "email": "knepshield@aol.com", 
      "member": true, 
      "phone_numbers": [
        14
      ], 
      "children": [
        82
      ], 
      "unit": 27
    }
  }, 
  {
    "pk": 22, 
    "model": "coop.person", 
    "fields": {
      "first_name": "Saul", 
      "last_name": "Hendrik", 
      "email": "mullings@gmail.com", 
      "member": true, 
      "phone_numbers": [
        15
      ], 
      "children": [
        83, 
        84
      ], 
      "unit": 13
    }
  }, 
  {
    "pk": 23, 
    "model": "coop.person", 
    "fields": {
      "first_name": "Leila", 
      "last_name": "Hendrik", 
      "email": "kelley@aol.com", 
      "member": true, 
      "phone_numbers": [
        15
      ], 
      "children": [
        83, 
        84
      ], 
      "unit": 13
    }
  }, 
  {
    "pk": 24, 
    "model": "coop.person", 
    "fields": {
      "first_name": "Maya", 
      "last_name": "Menges", 
      "committee_excused": true, 
      "email": "kelley@aol.com", 
      "member": true, 
      "phone_numbers": [
        16
      ], 
      "children": [], 
      "unit": 4
    }
  }, 
  {
    "pk": 25, 
    "model": "coop.person", 
    "fields": {
      "first_name": "Maxima", 
      "last_name": "Bovie", 
      "email": "bellehumeur@aol.com", 
      "member": true, 
      "phone_numbers": [
        17
      ], 
      "children": [
        85
      ], 
      "unit": 46
    }
  }, 
  {
    "pk": 26, 
    "model": "coop.person", 
    "fields": {
      "first_name": "Johnette", 
      "last_name": "Bovie", 
      "email": "soders@live.com", 
      "member": true, 
      "phone_numbers": [
        17, 
        18
      ], 
      "children": [
        85
      ], 
      "unit": 46
    }
  }, 
  {
    "pk": 27, 
    "model": "coop.person", 
    "fields": {
      "first_name": "Dania", 
      "last_name": "Mallonee", 
      "email": "doolen@live.com", 
      "member": true, 
      "phone_numbers": [
        19
      ], 
      "children": [
        86
      ], 
      "unit": 5
    }
  }, 
  {
    "pk": 28, 
    "model": "coop.person", 
    "fields": {
      "first_name": "Raymon", 
      "last_name": "Mallonee", 
      "email": "doolen@live.com", 
      "member": true, 
      "phone_numbers": [
        19
      ], 
      "children": [
        86
      ], 
      "unit": 5
    }
  }, 
  {
    "pk": 29, 
    "model": "coop.person", 
    "fields": {
      "first_name": "Margarette", 
      "last_name": "Sramek", 
      "committee_excused": true, 
      "email": "rothschild@yahoo.com", 
      "member": true, 
      "phone_numbers": [
        20
      ], 
      "children": [], 
      "unit": 41
    }
  }, 
  {
    "pk": 30, 
    "model": "coop.person", 
    "fields": {
      "first_name": "Dania", 
      "last_name": "Genovesi", 
      "email": "lyde@live.com", 
      "member": true, 
      "phone_numbers": [
        21
      ], 
      "children": [
        87
      ], 
      "unit": 34
    }
  }, 
  {
    "pk": 31, 
    "model": "coop.person", 
    "fields": {
      "first_name": "Gayle", 
      "last_name": "Malvin", 
      "email": "tsing@hotmail.com", 
      "member": true, 
      "phone_numbers": [
        22
      ], 
      "children": [], 
      "unit": 44
    }
  }, 
  {
    "pk": 32, 
    "model": "coop.person", 
    "fields": {
      "first_name": "Evia", 
      "last_name": "Malvin", 
      "email": "wadhams@yahoo.com", 
      "member": true, 
      "phone_numbers": [
        23
      ], 
      "children": [], 
      "unit": 44
    }
  }, 
  {
    "pk": 33, 
    "model": "coop.person", 
    "fields": {
      "first_name": "Lili", 
      "last_name": "Kauk", 
      "notes": "Will move in on Aug. 01/14", 
      "email": "kelley@aol.com", 
      "member": true, 
      "phone_numbers": [], 
      "children": [
        88, 
        89, 
        90
      ], 
      "unit": 16
    }
  }, 
  {
    "pk": 34, 
    "model": "coop.person", 
    "fields": {
      "first_name": "Cecily", 
      "last_name": "Petrina", 
      "email": "edu@live.com", 
      "member": true, 
      "phone_numbers": [
        24
      ], 
      "children": [], 
      "unit": 7
    }
  }, 
  {
    "pk": 35, 
    "model": "coop.person", 
    "fields": {
      "first_name": "Lynda", 
      "last_name": "Coache", 
      "email": "kelley@aol.com", 
      "member": true, 
      "phone_numbers": [
        24
      ], 
      "children": [], 
      "unit": 7
    }
  }, 
  {
    "pk": 36, 
    "model": "coop.person", 
    "fields": {
      "first_name": "Meryl", 
      "last_name": "Sacarello", 
      "email": "common@aol.com", 
      "member": true, 
      "phone_numbers": [
        25
      ], 
      "children": [
        91, 
        92
      ], 
      "unit": 29
    }
  }, 
  {
    "pk": 37, 
    "model": "coop.person", 
    "fields": {
      "first_name": "Harlan", 
      "last_name": "Schutte", 
      "email": "denten@gmail.com", 
      "member": true, 
      "phone_numbers": [
        26
      ], 
      "children": [], 
      "unit": 12
    }
  }, 
  {
    "pk": 38, 
    "model": "coop.person", 
    "fields": {
      "first_name": "Irena", 
      "last_name": "Fehringer", 
      "email": "wahlenmaier@live.com", 
      "member": true, 
      "phone_numbers": [
        27
      ], 
      "children": [
        93, 
        94
      ], 
      "unit": 15
    }
  }, 
  {
    "pk": 39, 
    "model": "coop.person", 
    "fields": {
      "first_name": "Claude", 
      "last_name": "Thurstonson", 
      "email": "kelley@aol.com", 
      "member": true, 
      "phone_numbers": [
        27
      ], 
      "children": [
        93, 
        94
      ], 
      "unit": 15
    }
  }, 
  {
    "pk": 40, 
    "model": "coop.person", 
    "fields": {
      "first_name": "Preston", 
      "last_name": "Bellair", 
      "email": "prendes@aol.com", 
      "member": true, 
      "phone_numbers": [
        28
      ], 
      "children": [
        95
      ], 
      "unit": 36
    }
  }, 
  {
    "pk": 41, 
    "model": "coop.person", 
    "fields": {
      "first_name": "Rebeca", 
      "last_name": "Bellair", 
      "email": "kelley@aol.com", 
      "member": true, 
      "phone_numbers": [
        28
      ], 
      "children": [
        95
      ], 
      "unit": 36
    }
  }, 
  {
    "pk": 42, 
    "model": "coop.person", 
    "fields": {
      "first_name": "Scot", 
      "last_name": "Birkenholz", 
      "email": "verge@aol.com", 
      "member": true, 
      "phone_numbers": [
        29
      ], 
      "children": [
        96, 
        97
      ], 
      "unit": 33
    }
  }, 
  {
    "pk": 43, 
    "model": "coop.person", 
    "fields": {
      "first_name": "Briana", 
      "last_name": "Godsey", 
      "email": "kelley@aol.com", 
      "member": true, 
      "phone_numbers": [
        30
      ], 
      "children": [
        96, 
        97
      ], 
      "unit": 33
    }
  }, 
  {
    "pk": 44, 
    "model": "coop.person", 
    "fields": {
      "first_name": "Milo", 
      "last_name": "Merrifield", 
      "email": "haigler@yahoo.com", 
      "member": true, 
      "phone_numbers": [
        31
      ], 
      "children": [
        98, 
        99, 
        100
      ], 
      "unit": 26
    }
  }, 
  {
    "pk": 45, 
    "model": "coop.person", 
    "fields": {
      "first_name": "Yael", 
      "last_name": "Merrifield", 
      "email": "hoitt@yahoo.com", 
      "member": true, 
      "phone_numbers": [
        32
      ], 
      "children": [
        98, 
        99, 
        100
      ], 
      "unit": 26
    }
  }, 
  {
    "pk": 46, 
    "model": "coop.person", 
    "fields": {
      "first_name": "Delmer", 
      "last_name": "Keszler", 
      "email": "dellon@aol.com", 
      "member": true, 
      "phone_numbers": [
        33
      ], 
      "children": [
        101, 
        102
      ], 
      "unit": 2
    }
  }, 
  {
    "pk": 47, 
    "model": "coop.person", 
    "fields": {
      "first_name": "Briana", 
      "last_name": "Donohoo", 
      "notes": "Moving in on Aug. 01/14", 
      "email": "yeats@hotmail.com", 
      "member": true, 
      "phone_numbers": [
        34, 
        35
      ], 
      "children": [
        103, 
        104
      ], 
      "unit": 17
    }
  }, 
  {
    "pk": 48, 
    "model": "coop.person", 
    "fields": {
      "first_name": "Ettie", 
      "last_name": "Donohoo", 
      "notes": "Moving in on Aug. 01/14", 
      "email": "yeats@hotmail.com", 
      "member": true, 
      "phone_numbers": [
        36, 
        35
      ], 
      "children": [
        103, 
        104
      ], 
      "unit": 17
    }
  }, 
  {
    "pk": 49, 
    "model": "coop.person", 
    "fields": {
      "first_name": "Jeramy", 
      "last_name": "Rickie", 
      "email": "crumpler@hotmail.com", 
      "member": true, 
      "phone_numbers": [
        37
      ], 
      "children": [
        105, 
        106
      ], 
      "unit": 32
    }
  }, 
  {
    "pk": 50, 
    "model": "coop.person", 
    "fields": {
      "first_name": "Marcel", 
      "last_name": "Dorcas", 
      "email": "allvin@hotmail.com", 
      "member": true, 
      "phone_numbers": [
        38
      ], 
      "children": [
        107, 
        108
      ], 
      "unit": 39
    }
  }, 
  {
    "pk": 51, 
    "model": "coop.person", 
    "fields": {
      "first_name": "Darrin", 
      "last_name": "Vangemert", 
      "email": "kelley@aol.com", 
      "member": true, 
      "phone_numbers": [
        38
      ], 
      "children": [
        107, 
        108
      ], 
      "unit": 39
    }
  }, 
  {
    "pk": 52, 
    "model": "coop.person", 
    "fields": {
      "first_name": "Yuki", 
      "last_name": "Beckham", 
      "email": "madise@aol.com", 
      "member": true, 
      "phone_numbers": [
        39, 
        40
      ], 
      "children": [], 
      "unit": 40
    }
  }, 
  {
    "pk": 53, 
    "model": "coop.person", 
    "fields": {
      "first_name": "Tiara", 
      "last_name": "Getsinger", 
      "email": "anter@yahoo.com", 
      "member": true, 
      "phone_numbers": [
        39, 
        40
      ], 
      "children": [], 
      "unit": 40
    }
  }, 
  {
    "pk": 54, 
    "model": "coop.person", 
    "fields": {
      "first_name": "Roseann", 
      "last_name": "Sele", 
      "email": "guggemos@aol.com", 
      "member": true, 
      "phone_numbers": [
        41
      ], 
      "children": [
        109, 
        110
      ], 
      "unit": 1
    }
  }, 
  {
    "pk": 55, 
    "model": "coop.person", 
    "fields": {
      "first_name": "Teddy", 
      "last_name": "Sele", 
      "email": "guggemos@aol.com", 
      "member": true, 
      "phone_numbers": [
        41
      ], 
      "children": [
        109, 
        110
      ], 
      "unit": 1
    }
  }, 
  {
    "pk": 56, 
    "model": "coop.person", 
    "fields": {
      "first_name": "Broderick", 
      "last_name": "Forsmark", 
      "notes": "MOVING from 105 - 1739 as of 7/31/14", 
      "email": "jaquay@yahoo.com", 
      "member": true, 
      "phone_numbers": [
        42
      ], 
      "children": [
        111, 
        112
      ], 
      "unit": 45
    }
  }, 
  {
    "pk": 57, 
    "model": "coop.person", 
    "fields": {
      "first_name": "Johnette", 
      "last_name": "Forsmark", 
      "notes": "MOVING from 105 - 1739 as of 7/31/14", 
      "email": "sevick@gmail.com", 
      "member": true, 
      "phone_numbers": [
        42
      ], 
      "children": [
        111, 
        112
      ], 
      "unit": 45
    }
  }, 
  {
    "pk": 58, 
    "model": "coop.person", 
    "fields": {
      "first_name": "Hortensia", 
      "last_name": "Lovenduski", 
      "email": "hamilton@aol.com", 
      "member": true, 
      "phone_numbers": [
        43
      ], 
      "children": [], 
      "unit": 9
    }
  }, 
  {
    "pk": 59, 
    "model": "coop.person", 
    "fields": {
      "first_name": "Royce", 
      "last_name": "Harkey", 
      "email": "scerbo@hotmail.com", 
      "member": true, 
      "phone_numbers": [
        44
      ], 
      "children": [], 
      "unit": 28
    }
  }, 
  {
    "pk": 60, 
    "model": "coop.person", 
    "fields": {
      "first_name": "Nelia", 
      "last_name": "Cilley", 
      "email": "kelley@aol.com", 
      "member": true, 
      "phone_numbers": [
        45
      ], 
      "children": [], 
      "unit": 22
    }
  }, 
  {
    "pk": 61, 
    "model": "coop.person", 
    "fields": {
      "first_name": "Penney", 
      "last_name": "Cilley", 
      "email": "kelley@aol.com", 
      "member": true, 
      "phone_numbers": [
        45
      ], 
      "children": [], 
      "unit": 22
    }
  }, 
  {
    "pk": 62, 
    "model": "coop.person", 
    "fields": {
      "first_name": "Russell", 
      "last_name": "Carrano", 
      "email": "guster@yahoo.com", 
      "member": true, 
      "phone_numbers": [], 
      "children": [
        113, 
        114
      ], 
      "unit": 35
    }
  }, 
  {
    "pk": 63, 
    "model": "coop.person", 
    "fields": {
      "first_name": "Wilbur", 
      "last_name": "Heskett", 
      "email": "klafehn@hotmail.com", 
      "member": true, 
      "phone_numbers": [
        46
      ], 
      "children": [
        115
      ], 
      "unit": 6
    }
  }, 
  {
    "pk": 64, 
    "model": "coop.person", 
    "fields": {
      "first_name": "Leida", 
      "last_name": "Heskett", 
      "email": "kelley@aol.com", 
      "member": true, 
      "phone_numbers": [
        46
      ], 
      "children": [
        115
      ], 
      "unit": 6
    }
  }, 
  {
    "pk": 65, 
    "model": "coop.person", 
    "fields": {
      "first_name": "Shanita", 
      "last_name": "Kaba", 
      "email": "merren@live.com", 
      "member": true, 
      "phone_numbers": [
        47
      ], 
      "children": [
        116
      ], 
      "unit": 30
    }
  }, 
  {
    "pk": 66, 
    "model": "coop.person", 
    "fields": {
      "first_name": "Ian", 
      "last_name": "Artis", 
      "email": "stefanow@gmail.com", 
      "member": true, 
      "phone_numbers": [
        48, 
        49
      ], 
      "children": [
        117, 
        118
      ], 
      "unit": 43
    }
  }, 
  {
    "pk": 67, 
    "model": "coop.person", 
    "fields": {
      "first_name": "Ranee", 
      "last_name": "Artis", 
      "email": "chorney@aol.com", 
      "member": true, 
      "phone_numbers": [
        48, 
        50
      ], 
      "children": [
        117, 
        118
      ], 
      "unit": 43
    }
  }, 
  {
    "pk": 68, 
    "model": "coop.person", 
    "fields": {
      "first_name": "Royce", 
      "last_name": "Hession", 
      "email": "tyo@live.com", 
      "member": true, 
      "phone_numbers": [
        51
      ], 
      "children": [], 
      "unit": 11
    }
  }, 
  {
    "pk": 69, 
    "model": "coop.person", 
    "fields": {
      "first_name": "Jo", 
      "last_name": "Chasse", 
      "email": "moshos@hotmail.com", 
      "member": true, 
      "phone_numbers": [
        52
      ], 
      "children": [
        119
      ], 
      "unit": 18
    }
  }, 
  {
    "pk": 70, 
    "model": "coop.person", 
    "fields": {
      "first_name": "Shavon", 
      "last_name": "Chasse", 
      "email": "kelley@aol.com", 
      "member": true, 
      "phone_numbers": [
        52
      ], 
      "children": [
        119
      ], 
      "unit": 18
    }
  }, 
  {
    "pk": 71, 
    "model": "coop.person", 
    "fields": {
      "member": false, 
      "first_name": "Gwyn", 
      "last_name": "Petrina"
    }
  }, 
  {
    "pk": 72, 
    "model": "coop.person", 
    "fields": {
      "member": false, 
      "first_name": "Ronnie", 
      "last_name": "Petrina"
    }
  }, 
  {
    "pk": 73, 
    "model": "coop.person", 
    "fields": {
      "member": false, 
      "first_name": "Willian", 
      "last_name": "Mallonee"
    }
  }, 
  {
    "pk": 74, 
    "model": "coop.person", 
    "fields": {
      "member": false, 
      "first_name": "Cathern", 
      "last_name": "Mallonee"
    }
  }, 
  {
    "pk": 75, 
    "model": "coop.person", 
    "fields": {
      "member": false, 
      "first_name": "Dawna", 
      "last_name": "Mallonee"
    }
  }, 
  {
    "pk": 76, 
    "model": "coop.person", 
    "fields": {
      "member": false, 
      "first_name": "Valentina", 
      "last_name": "Fiermonte"
    }
  }, 
  {
    "pk": 77, 
    "model": "coop.person", 
    "fields": {
      "member": false, 
      "first_name": "Mariana", 
      "last_name": "Fiermonte"
    }
  }, 
  {
    "pk": 78, 
    "model": "coop.person", 
    "fields": {
      "member": false, 
      "first_name": "Michelina", 
      "last_name": "Kine"
    }
  }, 
  {
    "pk": 79, 
    "model": "coop.person", 
    "fields": {
      "member": false, 
      "first_name": "Iva", 
      "last_name": "Kine"
    }
  }, 
  {
    "pk": 80, 
    "model": "coop.person", 
    "fields": {
      "member": false, 
      "first_name": "Giuseppina", 
      "last_name": "Lindner"
    }
  }, 
  {
    "pk": 81, 
    "model": "coop.person", 
    "fields": {
      "member": false, 
      "first_name": "Len", 
      "last_name": "Lindner"
    }
  }, 
  {
    "pk": 82, 
    "model": "coop.person", 
    "fields": {
      "member": false, 
      "first_name": "Lance", 
      "last_name": "Groholski"
    }
  }, 
  {
    "pk": 83, 
    "model": "coop.person", 
    "fields": {
      "member": false, 
      "first_name": "Janina", 
      "last_name": "Hendrik"
    }
  }, 
  {
    "pk": 84, 
    "model": "coop.person", 
    "fields": {
      "member": false, 
      "first_name": "Janae", 
      "last_name": "Hendrik"
    }
  }, 
  {
    "pk": 85, 
    "model": "coop.person", 
    "fields": {
      "member": false, 
      "first_name": "Jannet", 
      "last_name": "Bovie"
    }
  }, 
  {
    "pk": 86, 
    "model": "coop.person", 
    "fields": {
      "member": false, 
      "first_name": "Kenny", 
      "last_name": "Mallonee"
    }
  }, 
  {
    "pk": 87, 
    "model": "coop.person", 
    "fields": {
      "member": false, 
      "first_name": "Chang", 
      "last_name": "Genovesi"
    }
  }, 
  {
    "pk": 88, 
    "model": "coop.person", 
    "fields": {
      "member": false, 
      "first_name": "Freeda", 
      "last_name": "Kauk"
    }
  }, 
  {
    "pk": 89, 
    "model": "coop.person", 
    "fields": {
      "member": false, 
      "first_name": "Rana", 
      "last_name": "Kauk"
    }
  }, 
  {
    "pk": 90, 
    "model": "coop.person", 
    "fields": {
      "member": false, 
      "first_name": "Beryl", 
      "last_name": "Kauk"
    }
  }, 
  {
    "pk": 91, 
    "model": "coop.person", 
    "fields": {
      "member": false, 
      "first_name": "Amira", 
      "last_name": "Sacarello"
    }
  }, 
  {
    "pk": 92, 
    "model": "coop.person", 
    "fields": {
      "member": false, 
      "first_name": "Lore", 
      "last_name": "Sacarello"
    }
  }, 
  {
    "pk": 93, 
    "model": "coop.person", 
    "fields": {
      "member": false, 
      "first_name": "Christeen", 
      "last_name": "Fehringer"
    }
  }, 
  {
    "pk": 94, 
    "model": "coop.person", 
    "fields": {
      "member": false, 
      "first_name": "Clarisa", 
      "last_name": "Fehringer"
    }
  }, 
  {
    "pk": 95, 
    "model": "coop.person", 
    "fields": {
      "member": false, 
      "first_name": "Terence", 
      "last_name": "Bellair"
    }
  }, 
  {
    "pk": 96, 
    "model": "coop.person", 
    "fields": {
      "member": false, 
      "first_name": "Maude", 
      "last_name": "Toomsen"
    }
  }, 
  {
    "pk": 97, 
    "model": "coop.person", 
    "fields": {
      "member": false, 
      "first_name": "Roy", 
      "last_name": "Toomsen"
    }
  }, 
  {
    "pk": 98, 
    "model": "coop.person", 
    "fields": {
      "member": false, 
      "first_name": "Charleen", 
      "last_name": "Merrifield"
    }
  }, 
  {
    "pk": 99, 
    "model": "coop.person", 
    "fields": {
      "member": false, 
      "first_name": "Kenny", 
      "last_name": "Merrifield"
    }
  }, 
  {
    "pk": 100, 
    "model": "coop.person", 
    "fields": {
      "member": false, 
      "first_name": "Cathryn", 
      "last_name": "Merrifield"
    }
  }, 
  {
    "pk": 101, 
    "model": "coop.person", 
    "fields": {
      "member": false, 
      "first_name": "Gerald", 
      "last_name": "Keszler"
    }
  }, 
  {
    "pk": 102, 
    "model": "coop.person", 
    "fields": {
      "member": false, 
      "first_name": "Marguerita", 
      "last_name": "Keszler"
    }
  }, 
  {
    "pk": 103, 
    "model": "coop.person", 
    "fields": {
      "member": false, 
      "first_name": "Merle", 
      "last_name": "Donohoo"
    }
  }, 
  {
    "pk": 104, 
    "model": "coop.person", 
    "fields": {
      "member": false, 
      "first_name": "Lori", 
      "last_name": "Donohoo"
    }
  }, 
  {
    "pk": 105, 
    "model": "coop.person", 
    "fields": {
      "member": false, 
      "first_name": "Rudy", 
      "last_name": "Rickie"
    }
  }, 
  {
    "pk": 106, 
    "model": "coop.person", 
    "fields": {
      "member": false, 
      "first_name": "Willa", 
      "last_name": "Rickie"
    }
  }, 
  {
    "pk": 107, 
    "model": "coop.person", 
    "fields": {
      "member": false, 
      "first_name": "Sana", 
      "last_name": "Dorcas"
    }
  }, 
  {
    "pk": 108, 
    "model": "coop.person", 
    "fields": {
      "member": false, 
      "first_name": "Beryl", 
      "last_name": "Dorcas"
    }
  }, 
  {
    "pk": 109, 
    "model": "coop.person", 
    "fields": {
      "member": false, 
      "first_name": "Gilberte", 
      "last_name": "Sele"
    }
  }, 
  {
    "pk": 110, 
    "model": "coop.person", 
    "fields": {
      "member": false, 
      "first_name": "Gregory", 
      "last_name": "Sele"
    }
  }, 
  {
    "pk": 111, 
    "model": "coop.person", 
    "fields": {
      "member": false, 
      "first_name": "Sondra", 
      "last_name": "Forsmark"
    }
  }, 
  {
    "pk": 112, 
    "model": "coop.person", 
    "fields": {
      "member": false, 
      "first_name": "Charline", 
      "last_name": "Forsmark"
    }
  }, 
  {
    "pk": 113, 
    "model": "coop.person", 
    "fields": {
      "member": false, 
      "first_name": "Paola", 
      "last_name": "Carrano"
    }
  }, 
  {
    "pk": 114, 
    "model": "coop.person", 
    "fields": {
      "member": false, 
      "first_name": "Vicenta", 
      "last_name": "Carrano"
    }
  }, 
  {
    "pk": 115, 
    "model": "coop.person", 
    "fields": {
      "member": false, 
      "first_name": "Jolyn", 
      "last_name": "Heskett"
    }
  }, 
  {
    "pk": 116, 
    "model": "coop.person", 
    "fields": {
      "member": false, 
      "first_name": "Justin", 
      "last_name": "Kaba"
    }
  }, 
  {
    "pk": 117, 
    "model": "coop.person", 
    "fields": {
      "member": false, 
      "first_name": "Ivory", 
      "last_name": "Artis"
    }
  }, 
  {
    "pk": 118, 
    "model": "coop.person", 
    "fields": {
      "member": false, 
      "first_name": "Kenda", 
      "last_name": "Artis"
    }
  }, 
  {
    "pk": 119, 
    "model": "coop.person", 
    "fields": {
      "member": false, 
      "first_name": "Jannet", 
      "last_name": "Chasse"
    }
  }, 
  {
    "pk": 1, 
    "model": "coop.phonenumber", 
    "fields": {
      "phone_type": "cell", 
      "number": "327-895-4310"
    }
  }, 
  {
    "pk": 2, 
    "model": "coop.phonenumber", 
    "fields": {
      "phone_type": "", 
      "number": "128-954-6418"
    }
  }, 
  {
    "pk": 3, 
    "model": "coop.phonenumber", 
    "fields": {
      "phone_type": "", 
      "number": "034-174-8906"
    }
  }, 
  {
    "pk": 4, 
    "model": "coop.phonenumber", 
    "fields": {
      "phone_type": "", 
      "number": "136-726-0754"
    }
  }, 
  {
    "pk": 5, 
    "model": "coop.phonenumber", 
    "fields": {
      "phone_type": "", 
      "number": "041-539-6925"
    }
  }, 
  {
    "pk": 6, 
    "model": "coop.phonenumber", 
    "fields": {
      "phone_type": "", 
      "number": "518-437-9706"
    }
  }, 
  {
    "pk": 7, 
    "model": "coop.phonenumber", 
    "fields": {
      "phone_type": "", 
      "number": "439-243-9128"
    }
  }, 
  {
    "pk": 8, 
    "model": "coop.phonenumber", 
    "fields": {
      "phone_type": "", 
      "number": "716-642-6374"
    }
  }, 
  {
    "pk": 9, 
    "model": "coop.phonenumber", 
    "fields": {
      "phone_type": "", 
      "number": "186-375-6904"
    }
  }, 
  {
    "pk": 10, 
    "model": "coop.phonenumber", 
    "fields": {
      "phone_type": "", 
      "number": "260-483-4715"
    }
  }, 
  {
    "pk": 11, 
    "model": "coop.phonenumber", 
    "fields": {
      "phone_type": "", 
      "number": "092-213-5672"
    }
  }, 
  {
    "pk": 12, 
    "model": "coop.phonenumber", 
    "fields": {
      "phone_type": "", 
      "number": "043-491-5840"
    }
  }, 
  {
    "pk": 13, 
    "model": "coop.phonenumber", 
    "fields": {
      "phone_type": "", 
      "number": "951-804-7469"
    }
  }, 
  {
    "pk": 14, 
    "model": "coop.phonenumber", 
    "fields": {
      "phone_type": "", 
      "number": "139-835-3729"
    }
  }, 
  {
    "pk": 15, 
    "model": "coop.phonenumber", 
    "fields": {
      "phone_type": "", 
      "number": "380-975-2184"
    }
  }, 
  {
    "pk": 16, 
    "model": "coop.phonenumber", 
    "fields": {
      "phone_type": "", 
      "number": "853-675-1934"
    }
  }, 
  {
    "pk": 17, 
    "model": "coop.phonenumber", 
    "fields": {
      "phone_type": "", 
      "number": "042-368-7309"
    }
  }, 
  {
    "pk": 18, 
    "model": "coop.phonenumber", 
    "fields": {
      "phone_type": "cell", 
      "number": "841-480-3148"
    }
  }, 
  {
    "pk": 19, 
    "model": "coop.phonenumber", 
    "fields": {
      "phone_type": "", 
      "number": "498-953-8102"
    }
  }, 
  {
    "pk": 20, 
    "model": "coop.phonenumber", 
    "fields": {
      "phone_type": "", 
      "number": "450-201-4136"
    }
  }, 
  {
    "pk": 21, 
    "model": "coop.phonenumber", 
    "fields": {
      "phone_type": "", 
      "number": "326-312-1506"
    }
  }, 
  {
    "pk": 22, 
    "model": "coop.phonenumber", 
    "fields": {
      "phone_type": "", 
      "number": "061-539-4560"
    }
  }, 
  {
    "pk": 23, 
    "model": "coop.phonenumber", 
    "fields": {
      "phone_type": "", 
      "number": "387-750-6798"
    }
  }, 
  {
    "pk": 24, 
    "model": "coop.phonenumber", 
    "fields": {
      "phone_type": "", 
      "number": "362-268-4012"
    }
  }, 
  {
    "pk": 25, 
    "model": "coop.phonenumber", 
    "fields": {
      "phone_type": "", 
      "number": "683-748-3592"
    }
  }, 
  {
    "pk": 26, 
    "model": "coop.phonenumber", 
    "fields": {
      "phone_type": "", 
      "number": "146-485-6259"
    }
  }, 
  {
    "pk": 27, 
    "model": "coop.phonenumber", 
    "fields": {
      "phone_type": "", 
      "number": "619-425-3592"
    }
  }, 
  {
    "pk": 28, 
    "model": "coop.phonenumber", 
    "fields": {
      "phone_type": "", 
      "number": "076-293-1630"
    }
  }, 
  {
    "pk": 29, 
    "model": "coop.phonenumber", 
    "fields": {
      "phone_type": "", 
      "number": "415-159-0274"
    }
  }, 
  {
    "pk": 30, 
    "model": "coop.phonenumber", 
    "fields": {
      "phone_type": "", 
      "number": "301-820-2158"
    }
  }, 
  {
    "pk": 31, 
    "model": "coop.phonenumber", 
    "fields": {
      "phone_type": "", 
      "number": "183-049-7839"
    }
  }, 
  {
    "pk": 32, 
    "model": "coop.phonenumber", 
    "fields": {
      "phone_type": "", 
      "number": "865-865-5602"
    }
  }, 
  {
    "pk": 33, 
    "model": "coop.phonenumber", 
    "fields": {
      "phone_type": "cell", 
      "number": "403-028-1285"
    }
  }, 
  {
    "pk": 34, 
    "model": "coop.phonenumber", 
    "fields": {
      "phone_type": "cell", 
      "number": "139-402-8915"
    }
  }, 
  {
    "pk": 35, 
    "model": "coop.phonenumber", 
    "fields": {
      "phone_type": "home", 
      "number": "653-725-1475"
    }
  }, 
  {
    "pk": 36, 
    "model": "coop.phonenumber", 
    "fields": {
      "phone_type": "cell", 
      "number": "903-042-0174"
    }
  }, 
  {
    "pk": 37, 
    "model": "coop.phonenumber", 
    "fields": {
      "phone_type": "", 
      "number": "918-803-3251"
    }
  }, 
  {
    "pk": 38, 
    "model": "coop.phonenumber", 
    "fields": {
      "phone_type": "", 
      "number": "465-681-1290"
    }
  }, 
  {
    "pk": 39, 
    "model": "coop.phonenumber", 
    "fields": {
      "phone_type": "home", 
      "number": "657-941-9721"
    }
  }, 
  {
    "pk": 40, 
    "model": "coop.phonenumber", 
    "fields": {
      "phone_type": "cell", 
      "number": "620-378-0945"
    }
  }, 
  {
    "pk": 41, 
    "model": "coop.phonenumber", 
    "fields": {
      "phone_type": "", 
      "number": "631-243-1297"
    }
  }, 
  {
    "pk": 42, 
    "model": "coop.phonenumber", 
    "fields": {
      "phone_type": "", 
      "number": "906-392-6209"
    }
  }, 
  {
    "pk": 43, 
    "model": "coop.phonenumber", 
    "fields": {
      "phone_type": "", 
      "number": "526-803-0964"
    }
  }, 
  {
    "pk": 44, 
    "model": "coop.phonenumber", 
    "fields": {
      "phone_type": "", 
      "number": "308-483-8062"
    }
  }, 
  {
    "pk": 45, 
    "model": "coop.phonenumber", 
    "fields": {
      "phone_type": "", 
      "number": "023-563-4738"
    }
  }, 
  {
    "pk": 46, 
    "model": "coop.phonenumber", 
    "fields": {
      "phone_type": "", 
      "number": "946-563-3179"
    }
  }, 
  {
    "pk": 47, 
    "model": "coop.phonenumber", 
    "fields": {
      "phone_type": "", 
      "number": "256-031-3497"
    }
  }, 
  {
    "pk": 48, 
    "model": "coop.phonenumber", 
    "fields": {
      "phone_type": "home", 
      "number": "265-596-1832"
    }
  }, 
  {
    "pk": 49, 
    "model": "coop.phonenumber", 
    "fields": {
      "phone_type": "cell", 
      "number": "251-392-8930"
    }
  }, 
  {
    "pk": 50, 
    "model": "coop.phonenumber", 
    "fields": {
      "phone_type": "cell", 
      "number": "679-675-2314"
    }
  }, 
  {
    "pk": 51, 
    "model": "coop.phonenumber", 
    "fields": {
      "phone_type": "", 
      "number": "948-972-4871"
    }
  }, 
  {
    "pk": 52, 
    "model": "coop.phonenumber", 
    "fields": {
      "phone_type": "", 
      "number": "375-160-6238"
    }
  }, 
  {
    "pk": 1, 
    "model": "coop.committee", 
    "fields": {
      "forum": 1,
      "chair": 1, 
      "name": "Pets", 
      "members": [
        1
      ]
    }
  }, 
  {
    "pk": 2, 
    "model": "coop.committee", 
    "fields": {
      "forum": 2,
      "chair": 31, 
      "name": "20-20", 
      "members": [
        1, 
        31, 
        37, 
        69
      ]
    }
  }, 
  {
    "pk": 3, 
    "model": "coop.committee", 
    "fields": {
      "forum": 3,
      "chair": 16, 
      "name": "Membership", 
      "members": [
        2, 
        15, 
        16, 
        25, 
        26, 
        36, 
        37, 
        46, 
        63
      ]
    }
  }, 
  {
    "pk": 4, 
    "model": "coop.committee", 
    "fields": {
      "forum": 4,
      "chair": 50, 
      "name": "Grounds", 
      "members": [
        3, 
        17, 
        18, 
        19, 
        42, 
        43, 
        49, 
        50, 
        58, 
        69, 
        70
      ]
    }
  }, 
  {
    "pk": 5, 
    "model": "coop.committee", 
    "fields": {
      "forum": 5,
      "chair": 40, 
      "name": "Maintenance", 
      "members": [
        4, 
        5, 
        31, 
        34, 
        35, 
        40, 
        46, 
        56, 
        60, 
        63, 
        66, 
        67
      ]
    }
  }, 
  {
    "pk": 6, 
    "model": "coop.committee", 
    "fields": {
      "forum": 6,
      "chair": 10, 
      "name": "Finance", 
      "members": [
        8, 
        10, 
        20, 
        32, 
        51
      ]
    }
  }, 
  {
    "pk": 7, 
    "model": "coop.committee", 
    "fields": {
      "forum": 7,
      "chair": 14, 
      "name": "Kids", 
      "members": [
        13, 
        14
      ]
    }
  }, 
  {
    "pk": 8, 
    "model": "coop.committee", 
    "fields": {
      "forum": 8,
      "chair": 30, 
      "name": "Board", 
      "members": [
        21, 
        30, 
        36, 
        46, 
        49, 
        63, 
        69
      ]
    }
  }, 
  {
    "pk": 9, 
    "model": "coop.committee", 
    "fields": {
      "forum": 9,
      "chair": null, 
      "name": "Move in/out", 
      "members": [
        22
      ]
    }
  }, 
  {
    "pk": 10, 
    "model": "coop.committee", 
    "fields": {
      "forum": 10,
      "chair": 25, 
      "name": "Welcoming", 
      "members": [
        25, 
        26
      ]
    }
  }, 
  {
    "pk": 11, 
    "model": "coop.committee", 
    "fields": {
      "forum": 11,
      "chair": 38, 
      "name": "Participation", 
      "members": [
        38
      ]
    }
  }, 
  {
    "pk": 12, 
    "model": "coop.committee", 
    "fields": {
      "forum": 12,
      "chair": 52, 
      "name": "Common room", 
      "members": [
        42, 
        43, 
        52, 
        65
      ]
    }
  }, 
  {
    "pk": 13, 
    "model": "coop.committee", 
    "fields": {
      "forum": 13,
      "chair": null, 
      "name": "Social", 
      "members": [
        57
      ]
    }
  }, 
  {
    "pk": 14, 
    "model": "coop.committee", 
    "fields": {
      "chair": null, 
      "name": "Co-op", 
      "members": [],
      "description": "This is the committee that all members belong to. The minutes of the General Membership meetings and of the Annual General Meeting should be associated to this committee."
    }
  }, 
  {
    "pk": 1, 
    "model": "coop.move", 
    "fields": {
      "movers": [
        9, 
        10
      ], 
      "out_unit": 37, 
      "move_type": "internal move", 
      "in_unit": 8, 
      "move_date": "2014-08-01"
    }
  }, 
  {
    "pk": 2, 
    "model": "coop.move", 
    "fields": {
      "out_unit": null, 
      "movers": [
        11, 
        12
      ], 
      "notes": "Moving from Winnipeg", 
      "move_type": "move in", 
      "in_unit": 9, 
      "move_date": "2014-08-01"
    }
  }, 
  {
    "pk": 3, 
    "model": "coop.move", 
    "fields": {
      "movers": [
        33
      ], 
      "out_unit": null, 
      "move_type": "move in", 
      "in_unit": 23, 
      "move_date": "2014-08-01"
    }
  }, 
  {
    "pk": 4, 
    "model": "coop.move", 
    "fields": {
      "movers": [
        47, 
        48
      ], 
      "out_unit": null, 
      "move_type": "move in", 
      "in_unit": 32, 
      "move_date": "2014-08-01"
    }
  }, 
  {
    "pk": 5, 
    "model": "coop.move", 
    "fields": {
      "movers": [
        56, 
        57
      ], 
      "out_unit": 32, 
      "move_type": "internal move", 
      "in_unit": 37, 
      "move_date": "2014-07-31"
    }
  }, 
  {
    "pk": 1, 
    "model": "coop.blockrepresentative", 
    "fields": {
      "block_number": 1701, 
      "role": "roof monitor", 
      "committee": 5, 
      "person": 5
    }
  }, 
  {
    "pk": 2, 
    "model": "coop.blockrepresentative", 
    "fields": {
      "block_number": 1701, 
      "role": "maintenance", 
      "committee": 5, 
      "person": 4
    }
  }, 
  {
    "pk": 3, 
    "model": "coop.blockrepresentative", 
    "fields": {
      "block_number": 1703, 
      "role": "maintenance", 
      "committee": 5, 
      "person": 40
    }
  }, 
  {
    "pk": 4, 
    "model": "coop.blockrepresentative", 
    "fields": {
      "block_number": 1703, 
      "role": "roof monitor", 
      "committee": 5, 
      "person": null
    }
  }, 
  {
    "pk": 5, 
    "model": "coop.blockrepresentative", 
    "fields": {
      "block_number": 1715, 
      "role": "maintenance", 
      "committee": 5, 
      "person": 34
    }
  }, 
  {
    "pk": 6, 
    "model": "coop.blockrepresentative", 
    "fields": {
      "block_number": 1715, 
      "role": "roof monitor", 
      "committee": 5, 
      "person": 36
    }
  }, 
  {
    "pk": 7, 
    "model": "coop.blockrepresentative", 
    "fields": {
      "block_number": 1739, 
      "role": "maintenance", 
      "committee": 5, 
      "person": 40
    }
  }, 
  {
    "pk": 8, 
    "model": "coop.blockrepresentative", 
    "fields": {
      "block_number": 1739, 
      "role": "roof monitor", 
      "committee": 5, 
      "person": null
    }
  }, 
  {
    "pk": 9, 
    "model": "coop.blockrepresentative", 
    "fields": {
      "block_number": 1747, 
      "role": "maintenance", 
      "committee": 5, 
      "person": 60
    }
  }, 
  {
    "pk": 10, 
    "model": "coop.blockrepresentative", 
    "fields": {
      "block_number": 1747, 
      "role": "roof monitor", 
      "committee": 5, 
      "person": 63
    }
  },
  {
    "pk": 101, 
    "model": "coop.forum", 
    "fields": {
      "name": "Classifieds",
      "description": "Use this forum to advertize give-aways, trades, sales, and wanted items."
    }
  },
  {
    "pk": 102, 
    "model": "coop.forum", 
    "fields": {
      "name": "General Discussion",
      "description": "General discussions about co-op business."
    }
  },
  {
    "pk": 1, 
    "model": "coop.thread", 
    "fields": {
      "subject": "Welcome",
      "url_subject": "welcome",
      "forum": 102
    }
  },
  {
    "pk": 1, 
    "model": "coop.post", 
    "fields": {
      "subject": "Welcome",
      "post": "Hello fellow co-op members. Welcome to the Common Ground Co-op discussion forum. This is the first post of the \"Welcome\" thread of the \"General Discussion\" forum.",
      "thread": 1
    }
  },
  {
    "pk": 1,
    "model": "coop.applicationsettings",
    "fields": {
      "coop_name": "Common Ground Co-op",
      "news": "Common Ground is currently accepting applications for our wait list!\r\n\r\nWe have chosen to preselect viable candidates for our co-op.\r\n\r\nDont wait for these popular units to get taken: get on our wait list early.\r\n\r\nWe may call you for a pre-interview before a unit is available. If successful, you would be at the front of the line for the next vacancy.\r\n\r\nDownload our [application form](static/coop/files/cg_application.pdf) and mail it in soon.",
      "home_page": 1,
      "public_pages": "[2, 3, 4, 5, 6]",
      "member_pages": "[]"
    }
  },
  {
    "pk": 1,
    "model": "coop.page",
    "fields": {
      "title": "Welcome",
      "url_title": "welcome",
      "content": "# Welcome\r\n\r\nNestled in the seaside community of Ocean Park, Common Ground Co-op is an ideal location for families.\r\n\r\nCreated 25 years ago, Common Ground was the dream of a group of people who wanted to have affordable housing in the luxurious South Surrey surroundings.\r\n\r\nLocated at 17 Avenue and 130 Street, Common Ground has undergone several changes, but one thing remains the core of our strength: we operate this housing complex through the hard work of our volunteer members.\r\n\r\nThe end result is a family feel amongst the members in the 46-unit complex, which includes one, two, three and four-bedroom units.\r\n\r\nIf you are interested in becoming part of this community, and are prepared to participate in this active group, please feel free to download a copy of our [application form](static/coop/files/cg_application.pdf).",
      "public": true
    }
  },
  {
    "pk": 2,
    "model": "coop.page",
    "fields": {
      "title": "About Us",
      "url_title": "about-us",
      "content": "# About Common Ground\r\n\r\nWork began to develop Common Ground in 1978, building upon the vision of the Westminster Unitarian Church. After several years in preparation, the site broke ground on Feb. 13, 1982 and a year later, all 46 units were complete.\r\n\r\nLike other co-ops, the members here volunteer their time in order to ensure the day-to-day functioning of the strata.\r\n\r\nAt Common Ground, we have certain expectations of our members. At a minimum, we expect that members will attend monthly meetings (10 per year, held on the last Wednesday of the month), and that they will be active in one of our committees. We also hold spring and fall clean ups, which are mandatory for all members.\r\n\r\nThe benefit of being an active member at Common Ground is that it means you are not just renting, but are part of a community. This is one of the primary advantages of co-op living.\r\n\r\nOne of our big celebrations here at Common Ground is Canada Day, which often involves bouncy castles for kids, a day-long list of activities and races, a barbecue at days end, and a trivia quiz about Canadiana. We are also abuzz with activity at Halloween (best decorated carport anyone?), Christmas and Easter.\r\n\r\nIf you feel youd like to be part of this type of living, please fill out and submit an [application](static/coop/files/cg_application.pdf)\r\n\r\n## About co-op housing in general\r\n\r\nThere are many kinds of co-operatives: food co-ops, co-op daycares, credit unions, retail co-ops, worker co-ops and housing co-ops. Any group of people can form a co-operative. The members own the co-operative and the co-operative provides a service they need. Housing co-operatives provide housing.\r\n\r\nSince the 1930s, Canadians have been building and living in housing co-ops. The people who live in the housing are the co-ops members. They elect, from among themselves, a board of directors to manage the business of the co-op.\r\n\r\nEach member has one vote. Members work together to keep their housing well-managed and affordable.\r\n\r\nOver the years, federal and provincial governments have funded various programs to help Canadians create non-profit housing co-ops. The co-ops developed under these programs provide good quality, affordable housing.  There are more than 255 non-profit housing co-ops comprising 14,300 units in British Columbia.\r\n\r\nAs a co-op member, you have security of tenure. This means that you can live in your home for as long as you wish if you follow the rules of the co-op and pay your housing charge (rent). As a co-op member, you have a say in decisions that affect your home. You and your neighbours own your homes co-operatively. Members form a community that works together to manage the co-op. Co-op communities are made up of all kinds of people&mdash;people with different backgrounds, incomes and special needs. These diverse and vibrant communities are the unique strength of the co-op housing movement.\r\n\r\nYou can learn more about co-op housing through the [Co-op Housing Federation of B.C.](http://www.chf.bc.ca/) or the [Co-operative Housing Federation of Canada](http://www.chfc.ca/).",
      "public": true
    }
  },{
    "pk": 3,
    "model": "coop.page",
    "fields": {
      "title": "Housing Fees",
      "url_title": "housing-fees",
      "content": "# Housing Fees\r\n\r\n  <table>\r\n<thead>\r\n<tr>\r\n <th>Bedroom(s)</td>\r\n <th>Monthly fee</td>\r\n </tr>\r\n </thead>\r\n <tbody>\r\n <tr>\r\n <td>one</td>\r\n <td class=\"right-justify\">$732</td>\r\n </tr>\r\n <tr>\r\n <td>two</td>\r\n <td class=\"right-justify\">$933</td>\r\n </tr>\r\n <tr>\r\n <td>three</td>\r\n <td class=\"right-justify\">$1,055</td>\r\n </tr>\r\n <tr>\r\n <td>four</td>\r\n <td class=\"right-justify\">$1,179</td>\r\n </tr>\r\n </tbody>\r\n </table>\r\n\r\n There is also a one-time share cost of $2,200, which is due the month before occupancy.",
      "public": true,
      "trusted": true
    }
  },{
    "pk": 4,
    "model": "coop.page",
    "fields": {
      "title": "About Area",
      "url_title": "about-area",
      "content": "# A wee bit about Ocean Park \r\n\r\n## Pre-colonial \r\n\r\n Ocean Park was part of the territory of the Semiahmoo people, one of a group of tribes called the Straits Salish, a division of the Coast Salish.  \r\n\r\n The Semiahmoo people used this place for spiritual renewal and named the area Kwomais which literally means place of vision, because of its high bluffs and unobstructed views to the ocean and islands. Kwomais Point is marked on many early navigation maps and has long been used as a lookout point. For protection against the raids of the Yukulta people, the Semiahmoo built a fort in Ocean Park possibly between 1820 and 1830. The fort fell into disrepair in colonial times. Today, the site is a subdivision called Indian Fort Drive near the west end of 20th avenue.  \r\n\r\n## Colonial and modern \r\n\r\n In 1886, early pioneer Ben Stevenson acquired 350 acres (140 ha) and built a large home overlooking Semiahmoo Bay.  \r\n\r\n In the early 1900s, 136 acres (55 ha) were acquired in order to provide the members of the Methodist church a place where they could vacation.  Promotional materials named the area Ocean Park, and in 1910 the church offered its first summer camp. In 1925 the Methodist Church joined with The United Church of Canada, and the camp was administered by British Columbia Conference of the church. Over the years bits of the property were sold for housing. In 2007 the last remaining 13 acres (5.3 ha) of the site were sold to the City of Surrey as parkland. Camp Kwomais was the second oldest camp accredited with BC Camping and the oldest camp using its original campsite.  \r\n\r\n In 1912, campers built a small shed beside the tracks of the recently-completed railroad. The Great Northern Railway reluctantly accepted it as a stop, thereby giving easier access to vacation spots in Ocean Park for residents of  Vancouver and New Westminster.  \r\n\r\n In 1921, Ocean Park opened its first post office, which was featured in Ripleys Believe it or Not as the worlds smallest post office. The 6 feet (1.8 m)-by-6-feet building was later expanded to 6 feet (1.8 m)-by-12-feet.  \r\n\r\n In 1925, the Ocean Park Community Hall opened after a community fundraising campaign. The Hall continues to be the focus for the community and has been home to hundreds of social gatherings and special events for thousands over generations. The Halls 75th anniversary in 2000 resulted in a special edition of the Ocean Parker, a volunteer community newspaper. The Hall is operated by the Ocean Park Community Association.  \r\n\r\n In the 1950s, Ocean Parks first residential telephone was installed at the house of firefighter Derek Uren.  \r\n\r\n In 1958, the volunteer fire hall was built by the community, seven years after a house fire killed a woman and her two sons.  \r\n\r\n In 1985, Fun Fun Park was created by community volunteers as the first Volunteers in Parks in BC. 12-year-old Jessica Tuttle was awarded 10 silver dollars for her winning entry in the naming contest.  \r\n\r\n In 2002, the community associations Ocean Park Area Livability Study identified three main community issues: 1) traffic concerns 2) lack of policing and vandalism 3) lack of community recreation opportunities, especially for youth and seniors.  \r\n\r\n ~Source: Wikipedia",
      "public": true
    }
  },{
    "pk": 5,
    "model": "coop.page",
    "fields": {
      "title": "Amenities",
      "url_title": "amenities",
      "content": "# Amenities and transportation\r\n\r\nOcean Park is served by two elementary schools: Ocean Cliff Elementary School and Laronde Elementary School, which offers a French Immersion program. St. Marks Anglican Church opened in 1999. The [Surrey Public Library](http://www.surreylibraries.ca/) operates a branch in Ocean Park.\r\n\r\n## Parks &amp; trails\r\n\r\nThere are two waterfront walks in Ocean Park. 101 Steps Park, at the foot of 128th Street near Camp Kwomais, has stairs down to waterfront access and nature trails. Ocean Park Shoreline Walk is a tidal-beach walk.\r\n\r\n## Public Transit\r\n\r\nOcean Park has morning and afternoon commuter bus service to Vancouver operated by TransLink on route 352 Ocean Park/Vancouver via the South Surrey Park &amp; Ride.\r\n\r\n## Car\r\n\r\n Ocean Park has quick access to the U.S. border, as well as several routes to Vancouver. It is about a 15 minute drive to Highway 99 and about a 25 minute drive to the TransCanada Highway. Depending on traffic, its about a 40 minute drive to Vancouver.",
      "public": true
    }
  },{
    "pk": 6,
    "model": "coop.page",
    "fields": {
      "title": "Contact Us",
      "url_title": "contact-us",
      "content": "<h1>Contact Us</h1>\r\n\r\n<p>Common Ground Co-op is located near the centre of quiet Ocean Park.</p>\r\n\r\n<p>You may contact us via <a\r\n    href=\"mailto:info@cghousing.org?subject=Regarding%20Membership%20Applications\"\r\n    >email</a> or by mail:</p>\r\n\r\n<div class=\"address\">\r\n\r\n  <p>c/o Membership</p>\r\n\r\n  <p>Common Ground Co-op</p>\r\n\r\n  <p>1707 130 Street</p>\r\n\r\n  <p>Surrey, B.C.</p>\r\n\r\n  <p>V4A 4A2</p>\r\n\r\n</div>\r\n\r\n<br />\r\n\r\n\r\n<iframe width=\"425\" height=\"350\" frameborder=\"0\" scrolling=\"no\"\r\n  marginheight=\"0\" marginwidth=\"0\"\r\n  src=\"http://www.openstreetmap.org/export/embed.html?bbox=-122.86903381347656%2C49.03069336336908%2C-122.85626649856567%2C49.03563127490349&amp;layer=mapnik&amp;marker=49.03316238040217%2C-122.8626501560211\"\r\n  style=\"border: 1px solid black\"></iframe>\r\n<br/><small><a\r\n  href=\"http://www.openstreetmap.org/?mlat=49.03316&amp;mlon=-122.86265#map=17/49.03316/-122.86265&amp;layers=N\"\r\n  >View Larger Map</a></small>\r\n",
      "public": true,
      "trusted": true
    }
  }
]

