[
  {
    "pk": 1001, 
    "model": "auth.user", 
    "fields": {
      "username": "a", 
      "first_name": "Alexander", 
      "last_name": "Adams", 
      "is_active": true, 
      "is_superuser": true, 
      "is_staff": true, 
      "password": "pbkdf2_sha256$15000$VT40UZicMRUb$4wekBQWWOg4xae2pcDiwyXWGuKOGkJodg/GuMOxTsT0=", 
      "email": "alexander@adams.com"
    }
  }, 
  {
    "pk": 14, 
    "model": "coop.committee", 
    "fields": {
      "chair": null, 
      "name": "Co-op", 
      "members": [
        1, 
        2, 
        3, 
        4, 
        5, 
        6, 
        7, 
        8, 
        9, 
        10, 
        11, 
        12, 
        13, 
        14, 
        15, 
        16, 
        17, 
        18, 
        19, 
        20, 
        21, 
        22, 
        23, 
        24, 
        25, 
        26, 
        27, 
        28, 
        29, 
        30, 
        31, 
        32, 
        33, 
        34, 
        35, 
        36, 
        37, 
        38, 
        39, 
        40, 
        41, 
        42, 
        43, 
        44, 
        45, 
        46, 
        47, 
        48, 
        49, 
        50, 
        51, 
        52, 
        53, 
        54, 
        55, 
        56, 
        57, 
        58, 
        59, 
        60, 
        61, 
        62, 
        63, 
        64, 
        65, 
        66, 
        67, 
        68, 
        69, 
        70
      ], 
      "description": "This is the committee that all members belong to. The minutes of the General Membership meetings and of the Annual General Meeting should be associated to this committee."
    }
  }, 
  {
    "pk": 11, 
    "model": "auth.user", 
    "fields": {
      "username": "elbalandberg", 
      "first_name": "Elba", 
      "last_name": "Landberg", 
      "is_active": true, 
      "is_staff": true, 
      "password": "pbkdf2_sha256$15000$VT40UZicMRUb$4wekBQWWOg4xae2pcDiwyXWGuKOGkJodg/GuMOxTsT0=", 
      "email": "marina@gmail.com"
    }
  }, 
  {
    "pk": 12, 
    "model": "auth.user", 
    "fields": {
      "username": "hueycitroni", 
      "first_name": "Huey", 
      "last_name": "Citroni", 
      "is_active": true, 
      "is_staff": true, 
      "password": "pbkdf2_sha256$15000$VT40UZicMRUb$4wekBQWWOg4xae2pcDiwyXWGuKOGkJodg/GuMOxTsT0=", 
      "email": "caissie@hotmail.com"
    }
  }, 
  {
    "pk": 13, 
    "model": "auth.user", 
    "fields": {
      "username": "terrelldangerfield", 
      "first_name": "Terrell", 
      "last_name": "Dangerfield", 
      "is_active": true, 
      "is_staff": true, 
      "password": "pbkdf2_sha256$15000$VT40UZicMRUb$4wekBQWWOg4xae2pcDiwyXWGuKOGkJodg/GuMOxTsT0=", 
      "email": "kelley@aol.com"
    }
  }, 
  {
    "pk": 14, 
    "model": "auth.user", 
    "fields": {
      "username": "taylorgallosa", 
      "first_name": "Taylor", 
      "last_name": "Gallosa", 
      "is_active": true, 
      "is_staff": true, 
      "password": "pbkdf2_sha256$15000$VT40UZicMRUb$4wekBQWWOg4xae2pcDiwyXWGuKOGkJodg/GuMOxTsT0=", 
      "email": "doverspike@aol.com"
    }
  }, 
  {
    "pk": 15, 
    "model": "auth.user", 
    "fields": {
      "username": "libbygallosa", 
      "first_name": "Libby", 
      "last_name": "Gallosa", 
      "is_active": true, 
      "is_staff": true, 
      "password": "pbkdf2_sha256$15000$VT40UZicMRUb$4wekBQWWOg4xae2pcDiwyXWGuKOGkJodg/GuMOxTsT0=", 
      "email": "doverspike@aol.com"
    }
  }, 
  {
    "pk": 16, 
    "model": "auth.user", 
    "fields": {
      "username": "delmypetrina", 
      "first_name": "Delmy", 
      "last_name": "Petrina", 
      "is_active": true, 
      "is_staff": true, 
      "password": "pbkdf2_sha256$15000$VT40UZicMRUb$4wekBQWWOg4xae2pcDiwyXWGuKOGkJodg/GuMOxTsT0=", 
      "email": "kelley@aol.com"
    }
  }, 
  {
    "pk": 17, 
    "model": "auth.user", 
    "fields": {
      "username": "vanitasteffey", 
      "first_name": "Vanita", 
      "last_name": "Steffey", 
      "is_active": true, 
      "is_staff": true, 
      "password": "pbkdf2_sha256$15000$VT40UZicMRUb$4wekBQWWOg4xae2pcDiwyXWGuKOGkJodg/GuMOxTsT0=", 
      "email": "kindler@aol.com"
    }
  }, 
  {
    "pk": 18, 
    "model": "auth.user", 
    "fields": {
      "username": "kathevandersteen", 
      "first_name": "Kathe", 
      "last_name": "Vandersteen", 
      "is_active": true, 
      "is_staff": true, 
      "password": "pbkdf2_sha256$15000$VT40UZicMRUb$4wekBQWWOg4xae2pcDiwyXWGuKOGkJodg/GuMOxTsT0=", 
      "email": "dingus@hotmail.com"
    }
  }, 
  {
    "pk": 19, 
    "model": "auth.user", 
    "fields": {
      "username": "danniellemallonee", 
      "first_name": "Dannielle", 
      "last_name": "Mallonee", 
      "is_active": true, 
      "is_staff": true, 
      "password": "pbkdf2_sha256$15000$VT40UZicMRUb$4wekBQWWOg4xae2pcDiwyXWGuKOGkJodg/GuMOxTsT0=", 
      "email": "kelley@aol.com"
    }
  }, 
  {
    "pk": 20, 
    "model": "auth.user", 
    "fields": {
      "username": "haleymallonee", 
      "first_name": "Haley", 
      "last_name": "Mallonee", 
      "is_active": true, 
      "is_staff": true, 
      "password": "pbkdf2_sha256$15000$VT40UZicMRUb$4wekBQWWOg4xae2pcDiwyXWGuKOGkJodg/GuMOxTsT0=", 
      "email": "lijewski@live.com"
    }
  }, 
  {
    "pk": 21, 
    "model": "auth.user", 
    "fields": {
      "username": "justinfiermonte", 
      "first_name": "Justin", 
      "last_name": "Fiermonte", 
      "is_active": true, 
      "is_staff": true, 
      "password": "pbkdf2_sha256$15000$VT40UZicMRUb$4wekBQWWOg4xae2pcDiwyXWGuKOGkJodg/GuMOxTsT0=", 
      "email": "tonie@hotmail.com"
    }
  }, 
  {
    "pk": 22, 
    "model": "auth.user", 
    "fields": {
      "username": "delbertfiermonte", 
      "first_name": "Delbert", 
      "last_name": "Fiermonte", 
      "is_active": true, 
      "is_staff": true, 
      "password": "pbkdf2_sha256$15000$VT40UZicMRUb$4wekBQWWOg4xae2pcDiwyXWGuKOGkJodg/GuMOxTsT0=", 
      "email": "tonie@hotmail.com"
    }
  }, 
  {
    "pk": 23, 
    "model": "auth.user", 
    "fields": {
      "username": "ozieguzma", 
      "first_name": "Ozie", 
      "last_name": "Guzma", 
      "is_active": true, 
      "is_staff": true, 
      "password": "pbkdf2_sha256$15000$VT40UZicMRUb$4wekBQWWOg4xae2pcDiwyXWGuKOGkJodg/GuMOxTsT0=", 
      "email": "hannagan@yahoo.com"
    }
  }, 
  {
    "pk": 24, 
    "model": "auth.user", 
    "fields": {
      "username": "vanitachmiel", 
      "first_name": "Vanita", 
      "last_name": "Chmiel", 
      "is_active": true, 
      "is_staff": true, 
      "password": "pbkdf2_sha256$15000$VT40UZicMRUb$4wekBQWWOg4xae2pcDiwyXWGuKOGkJodg/GuMOxTsT0=", 
      "email": "hayoz@gmail.com"
    }
  }, 
  {
    "pk": 25, 
    "model": "auth.user", 
    "fields": {
      "username": "thadlindner", 
      "first_name": "Thad", 
      "last_name": "Lindner", 
      "is_active": true, 
      "is_staff": true, 
      "password": "pbkdf2_sha256$15000$VT40UZicMRUb$4wekBQWWOg4xae2pcDiwyXWGuKOGkJodg/GuMOxTsT0=", 
      "email": "gauci@gmail.com"
    }
  }, 
  {
    "pk": 26, 
    "model": "auth.user", 
    "fields": {
      "username": "ettiecoke", 
      "first_name": "Ettie", 
      "last_name": "Coke", 
      "is_active": true, 
      "is_staff": true, 
      "password": "pbkdf2_sha256$15000$VT40UZicMRUb$4wekBQWWOg4xae2pcDiwyXWGuKOGkJodg/GuMOxTsT0=", 
      "email": "karma@hotmail.com"
    }
  }, 
  {
    "pk": 27, 
    "model": "auth.user", 
    "fields": {
      "username": "kaitlynrespes", 
      "first_name": "Kaitlyn", 
      "last_name": "Respes", 
      "is_active": true, 
      "is_staff": true, 
      "password": "pbkdf2_sha256$15000$VT40UZicMRUb$4wekBQWWOg4xae2pcDiwyXWGuKOGkJodg/GuMOxTsT0=", 
      "email": "conant@yahoo.com"
    }
  }, 
  {
    "pk": 28, 
    "model": "auth.user", 
    "fields": {
      "username": "heidecarnall", 
      "first_name": "Heide", 
      "last_name": "Carnall", 
      "is_active": true, 
      "is_staff": true, 
      "password": "pbkdf2_sha256$15000$VT40UZicMRUb$4wekBQWWOg4xae2pcDiwyXWGuKOGkJodg/GuMOxTsT0=", 
      "email": "pough@aol.com"
    }
  }, 
  {
    "pk": 29, 
    "model": "auth.user", 
    "fields": {
      "username": "mitchellcarnall", 
      "first_name": "Mitchell", 
      "last_name": "Carnall", 
      "is_active": true, 
      "is_staff": true, 
      "password": "pbkdf2_sha256$15000$VT40UZicMRUb$4wekBQWWOg4xae2pcDiwyXWGuKOGkJodg/GuMOxTsT0=", 
      "email": "pough@aol.com"
    }
  }, 
  {
    "pk": 30, 
    "model": "auth.user", 
    "fields": {
      "username": "khadijahgroholski", 
      "first_name": "Khadijah", 
      "last_name": "Groholski", 
      "is_active": true, 
      "is_staff": true, 
      "password": "pbkdf2_sha256$15000$VT40UZicMRUb$4wekBQWWOg4xae2pcDiwyXWGuKOGkJodg/GuMOxTsT0=", 
      "email": "knepshield@aol.com"
    }
  }, 
  {
    "pk": 31, 
    "model": "auth.user", 
    "fields": {
      "username": "jannetgroholski", 
      "first_name": "Jannet", 
      "last_name": "Groholski", 
      "is_active": true, 
      "is_staff": true, 
      "password": "pbkdf2_sha256$15000$VT40UZicMRUb$4wekBQWWOg4xae2pcDiwyXWGuKOGkJodg/GuMOxTsT0=", 
      "email": "knepshield@aol.com"
    }
  }, 
  {
    "pk": 32, 
    "model": "auth.user", 
    "fields": {
      "username": "saulhendrik", 
      "first_name": "Saul", 
      "last_name": "Hendrik", 
      "is_active": true, 
      "is_staff": true, 
      "password": "pbkdf2_sha256$15000$VT40UZicMRUb$4wekBQWWOg4xae2pcDiwyXWGuKOGkJodg/GuMOxTsT0=", 
      "email": "mullings@gmail.com"
    }
  }, 
  {
    "pk": 33, 
    "model": "auth.user", 
    "fields": {
      "username": "leilahendrik", 
      "first_name": "Leila", 
      "last_name": "Hendrik", 
      "is_active": true, 
      "is_staff": true, 
      "password": "pbkdf2_sha256$15000$VT40UZicMRUb$4wekBQWWOg4xae2pcDiwyXWGuKOGkJodg/GuMOxTsT0=", 
      "email": "kelley@aol.com"
    }
  }, 
  {
    "pk": 34, 
    "model": "auth.user", 
    "fields": {
      "username": "mayamenges", 
      "first_name": "Maya", 
      "last_name": "Menges", 
      "is_active": true, 
      "is_staff": true, 
      "password": "pbkdf2_sha256$15000$VT40UZicMRUb$4wekBQWWOg4xae2pcDiwyXWGuKOGkJodg/GuMOxTsT0=", 
      "email": "kelley@aol.com"
    }
  }, 
  {
    "pk": 35, 
    "model": "auth.user", 
    "fields": {
      "username": "maximabovie", 
      "first_name": "Maxima", 
      "last_name": "Bovie", 
      "is_active": true, 
      "is_staff": true, 
      "password": "pbkdf2_sha256$15000$VT40UZicMRUb$4wekBQWWOg4xae2pcDiwyXWGuKOGkJodg/GuMOxTsT0=", 
      "email": "bellehumeur@aol.com"
    }
  }, 
  {
    "pk": 36, 
    "model": "auth.user", 
    "fields": {
      "username": "johnettebovie", 
      "first_name": "Johnette", 
      "last_name": "Bovie", 
      "is_active": true, 
      "is_staff": true, 
      "password": "pbkdf2_sha256$15000$VT40UZicMRUb$4wekBQWWOg4xae2pcDiwyXWGuKOGkJodg/GuMOxTsT0=", 
      "email": "soders@live.com"
    }
  }, 
  {
    "pk": 37, 
    "model": "auth.user", 
    "fields": {
      "username": "daniamallonee", 
      "first_name": "Dania", 
      "last_name": "Mallonee", 
      "is_active": true, 
      "is_staff": true, 
      "password": "pbkdf2_sha256$15000$VT40UZicMRUb$4wekBQWWOg4xae2pcDiwyXWGuKOGkJodg/GuMOxTsT0=", 
      "email": "doolen@live.com"
    }
  }, 
  {
    "pk": 38, 
    "model": "auth.user", 
    "fields": {
      "username": "raymonmallonee", 
      "first_name": "Raymon", 
      "last_name": "Mallonee", 
      "is_active": true, 
      "is_staff": true, 
      "password": "pbkdf2_sha256$15000$VT40UZicMRUb$4wekBQWWOg4xae2pcDiwyXWGuKOGkJodg/GuMOxTsT0=", 
      "email": "doolen@live.com"
    }
  }, 
  {
    "pk": 39, 
    "model": "auth.user", 
    "fields": {
      "username": "margarettesramek", 
      "first_name": "Margarette", 
      "last_name": "Sramek", 
      "is_active": true, 
      "is_staff": true, 
      "password": "pbkdf2_sha256$15000$VT40UZicMRUb$4wekBQWWOg4xae2pcDiwyXWGuKOGkJodg/GuMOxTsT0=", 
      "email": "rothschild@yahoo.com"
    }
  }, 
  {
    "pk": 40, 
    "model": "auth.user", 
    "fields": {
      "username": "daniagenovesi", 
      "first_name": "Dania", 
      "last_name": "Genovesi", 
      "is_active": true, 
      "is_staff": true, 
      "password": "pbkdf2_sha256$15000$VT40UZicMRUb$4wekBQWWOg4xae2pcDiwyXWGuKOGkJodg/GuMOxTsT0=", 
      "email": "lyde@live.com"
    }
  }, 
  {
    "pk": 41, 
    "model": "auth.user", 
    "fields": {
      "username": "gaylemalvin", 
      "first_name": "Gayle", 
      "last_name": "Malvin", 
      "is_active": true, 
      "is_staff": true, 
      "password": "pbkdf2_sha256$15000$VT40UZicMRUb$4wekBQWWOg4xae2pcDiwyXWGuKOGkJodg/GuMOxTsT0=", 
      "email": "tsing@hotmail.com"
    }
  }, 
  {
    "pk": 42, 
    "model": "auth.user", 
    "fields": {
      "username": "eviamalvin", 
      "first_name": "Evia", 
      "last_name": "Malvin", 
      "is_active": true, 
      "is_staff": true, 
      "password": "pbkdf2_sha256$15000$VT40UZicMRUb$4wekBQWWOg4xae2pcDiwyXWGuKOGkJodg/GuMOxTsT0=", 
      "email": "wadhams@yahoo.com"
    }
  }, 
  {
    "pk": 43, 
    "model": "auth.user", 
    "fields": {
      "username": "lilikauk", 
      "first_name": "Lili", 
      "last_name": "Kauk", 
      "is_active": true, 
      "is_staff": true, 
      "password": "pbkdf2_sha256$15000$VT40UZicMRUb$4wekBQWWOg4xae2pcDiwyXWGuKOGkJodg/GuMOxTsT0=", 
      "email": "kelley@aol.com"
    }
  }, 
  {
    "pk": 44, 
    "model": "auth.user", 
    "fields": {
      "username": "cecilypetrina", 
      "first_name": "Cecily", 
      "last_name": "Petrina", 
      "is_active": true, 
      "is_staff": true, 
      "password": "pbkdf2_sha256$15000$VT40UZicMRUb$4wekBQWWOg4xae2pcDiwyXWGuKOGkJodg/GuMOxTsT0=", 
      "email": "edu@live.com"
    }
  }, 
  {
    "pk": 45, 
    "model": "auth.user", 
    "fields": {
      "username": "lyndacoache", 
      "first_name": "Lynda", 
      "last_name": "Coache", 
      "is_active": true, 
      "is_staff": true, 
      "password": "pbkdf2_sha256$15000$VT40UZicMRUb$4wekBQWWOg4xae2pcDiwyXWGuKOGkJodg/GuMOxTsT0=", 
      "email": "kelley@aol.com"
    }
  }, 
  {
    "pk": 46, 
    "model": "auth.user", 
    "fields": {
      "username": "merylsacarello", 
      "first_name": "Meryl", 
      "last_name": "Sacarello", 
      "is_active": true, 
      "is_staff": true, 
      "password": "pbkdf2_sha256$15000$VT40UZicMRUb$4wekBQWWOg4xae2pcDiwyXWGuKOGkJodg/GuMOxTsT0=", 
      "email": "common@aol.com"
    }
  }, 
  {
    "pk": 47, 
    "model": "auth.user", 
    "fields": {
      "username": "harlanschutte", 
      "first_name": "Harlan", 
      "last_name": "Schutte", 
      "is_active": true, 
      "is_staff": true, 
      "password": "pbkdf2_sha256$15000$VT40UZicMRUb$4wekBQWWOg4xae2pcDiwyXWGuKOGkJodg/GuMOxTsT0=", 
      "email": "denten@gmail.com"
    }
  }, 
  {
    "pk": 48, 
    "model": "auth.user", 
    "fields": {
      "username": "irenafehringer", 
      "first_name": "Irena", 
      "last_name": "Fehringer", 
      "is_active": true, 
      "is_staff": true, 
      "password": "pbkdf2_sha256$15000$VT40UZicMRUb$4wekBQWWOg4xae2pcDiwyXWGuKOGkJodg/GuMOxTsT0=", 
      "email": "wahlenmaier@live.com"
    }
  }, 
  {
    "pk": 49, 
    "model": "auth.user", 
    "fields": {
      "username": "claudethurstonson", 
      "first_name": "Claude", 
      "last_name": "Thurstonson", 
      "is_active": true, 
      "is_staff": true, 
      "password": "pbkdf2_sha256$15000$VT40UZicMRUb$4wekBQWWOg4xae2pcDiwyXWGuKOGkJodg/GuMOxTsT0=", 
      "email": "kelley@aol.com"
    }
  }, 
  {
    "pk": 50, 
    "model": "auth.user", 
    "fields": {
      "username": "prestonbellair", 
      "first_name": "Preston", 
      "last_name": "Bellair", 
      "is_active": true, 
      "is_staff": true, 
      "password": "pbkdf2_sha256$15000$VT40UZicMRUb$4wekBQWWOg4xae2pcDiwyXWGuKOGkJodg/GuMOxTsT0=", 
      "email": "prendes@aol.com"
    }
  }, 
  {
    "pk": 51, 
    "model": "auth.user", 
    "fields": {
      "username": "rebecabellair", 
      "first_name": "Rebeca", 
      "last_name": "Bellair", 
      "is_active": true, 
      "is_staff": true, 
      "password": "pbkdf2_sha256$15000$VT40UZicMRUb$4wekBQWWOg4xae2pcDiwyXWGuKOGkJodg/GuMOxTsT0=", 
      "email": "kelley@aol.com"
    }
  }, 
  {
    "pk": 52, 
    "model": "auth.user", 
    "fields": {
      "username": "scotbirkenholz", 
      "first_name": "Scot", 
      "last_name": "Birkenholz", 
      "is_active": true, 
      "is_staff": true, 
      "password": "pbkdf2_sha256$15000$VT40UZicMRUb$4wekBQWWOg4xae2pcDiwyXWGuKOGkJodg/GuMOxTsT0=", 
      "email": "verge@aol.com"
    }
  }, 
  {
    "pk": 53, 
    "model": "auth.user", 
    "fields": {
      "username": "brianagodsey", 
      "first_name": "Briana", 
      "last_name": "Godsey", 
      "is_active": true, 
      "is_staff": true, 
      "password": "pbkdf2_sha256$15000$VT40UZicMRUb$4wekBQWWOg4xae2pcDiwyXWGuKOGkJodg/GuMOxTsT0=", 
      "email": "kelley@aol.com"
    }
  }, 
  {
    "pk": 54, 
    "model": "auth.user", 
    "fields": {
      "username": "milomerrifield", 
      "first_name": "Milo", 
      "last_name": "Merrifield", 
      "is_active": true, 
      "is_staff": true, 
      "password": "pbkdf2_sha256$15000$VT40UZicMRUb$4wekBQWWOg4xae2pcDiwyXWGuKOGkJodg/GuMOxTsT0=", 
      "email": "haigler@yahoo.com"
    }
  }, 
  {
    "pk": 55, 
    "model": "auth.user", 
    "fields": {
      "username": "yaelmerrifield", 
      "first_name": "Yael", 
      "last_name": "Merrifield", 
      "is_active": true, 
      "is_staff": true, 
      "password": "pbkdf2_sha256$15000$VT40UZicMRUb$4wekBQWWOg4xae2pcDiwyXWGuKOGkJodg/GuMOxTsT0=", 
      "email": "hoitt@yahoo.com"
    }
  }, 
  {
    "pk": 56, 
    "model": "auth.user", 
    "fields": {
      "username": "delmerkeszler", 
      "first_name": "Delmer", 
      "last_name": "Keszler", 
      "is_active": true, 
      "is_staff": true, 
      "password": "pbkdf2_sha256$15000$VT40UZicMRUb$4wekBQWWOg4xae2pcDiwyXWGuKOGkJodg/GuMOxTsT0=", 
      "email": "dellon@aol.com"
    }
  }, 
  {
    "pk": 57, 
    "model": "auth.user", 
    "fields": {
      "username": "brianadonohoo", 
      "first_name": "Briana", 
      "last_name": "Donohoo", 
      "is_active": true, 
      "is_staff": true, 
      "password": "pbkdf2_sha256$15000$VT40UZicMRUb$4wekBQWWOg4xae2pcDiwyXWGuKOGkJodg/GuMOxTsT0=", 
      "email": "yeats@hotmail.com"
    }
  }, 
  {
    "pk": 58, 
    "model": "auth.user", 
    "fields": {
      "username": "ettiedonohoo", 
      "first_name": "Ettie", 
      "last_name": "Donohoo", 
      "is_active": true, 
      "is_staff": true, 
      "password": "pbkdf2_sha256$15000$VT40UZicMRUb$4wekBQWWOg4xae2pcDiwyXWGuKOGkJodg/GuMOxTsT0=", 
      "email": "yeats@hotmail.com"
    }
  }, 
  {
    "pk": 59, 
    "model": "auth.user", 
    "fields": {
      "username": "jeramyrickie", 
      "first_name": "Jeramy", 
      "last_name": "Rickie", 
      "is_active": true, 
      "is_staff": true, 
      "password": "pbkdf2_sha256$15000$VT40UZicMRUb$4wekBQWWOg4xae2pcDiwyXWGuKOGkJodg/GuMOxTsT0=", 
      "email": "crumpler@hotmail.com"
    }
  }, 
  {
    "pk": 60, 
    "model": "auth.user", 
    "fields": {
      "username": "marceldorcas", 
      "first_name": "Marcel", 
      "last_name": "Dorcas", 
      "is_active": true, 
      "is_staff": true, 
      "password": "pbkdf2_sha256$15000$VT40UZicMRUb$4wekBQWWOg4xae2pcDiwyXWGuKOGkJodg/GuMOxTsT0=", 
      "email": "allvin@hotmail.com"
    }
  }, 
  {
    "pk": 61, 
    "model": "auth.user", 
    "fields": {
      "username": "darrinvangemert", 
      "first_name": "Darrin", 
      "last_name": "Vangemert", 
      "is_active": true, 
      "is_staff": true, 
      "password": "pbkdf2_sha256$15000$VT40UZicMRUb$4wekBQWWOg4xae2pcDiwyXWGuKOGkJodg/GuMOxTsT0=", 
      "email": "kelley@aol.com"
    }
  }, 
  {
    "pk": 62, 
    "model": "auth.user", 
    "fields": {
      "username": "yukibeckham", 
      "first_name": "Yuki", 
      "last_name": "Beckham", 
      "is_active": true, 
      "is_staff": true, 
      "password": "pbkdf2_sha256$15000$VT40UZicMRUb$4wekBQWWOg4xae2pcDiwyXWGuKOGkJodg/GuMOxTsT0=", 
      "email": "madise@aol.com"
    }
  }, 
  {
    "pk": 63, 
    "model": "auth.user", 
    "fields": {
      "username": "tiaragetsinger", 
      "first_name": "Tiara", 
      "last_name": "Getsinger", 
      "is_active": true, 
      "is_staff": true, 
      "password": "pbkdf2_sha256$15000$VT40UZicMRUb$4wekBQWWOg4xae2pcDiwyXWGuKOGkJodg/GuMOxTsT0=", 
      "email": "anter@yahoo.com"
    }
  }, 
  {
    "pk": 64, 
    "model": "auth.user", 
    "fields": {
      "username": "roseannsele", 
      "first_name": "Roseann", 
      "last_name": "Sele", 
      "is_active": true, 
      "is_staff": true, 
      "password": "pbkdf2_sha256$15000$VT40UZicMRUb$4wekBQWWOg4xae2pcDiwyXWGuKOGkJodg/GuMOxTsT0=", 
      "email": "guggemos@aol.com"
    }
  }, 
  {
    "pk": 65, 
    "model": "auth.user", 
    "fields": {
      "username": "teddysele", 
      "first_name": "Teddy", 
      "last_name": "Sele", 
      "is_active": true, 
      "is_staff": true, 
      "password": "pbkdf2_sha256$15000$VT40UZicMRUb$4wekBQWWOg4xae2pcDiwyXWGuKOGkJodg/GuMOxTsT0=", 
      "email": "guggemos@aol.com"
    }
  }, 
  {
    "pk": 66, 
    "model": "auth.user", 
    "fields": {
      "username": "broderickforsmark", 
      "first_name": "Broderick", 
      "last_name": "Forsmark", 
      "is_active": true, 
      "is_staff": true, 
      "password": "pbkdf2_sha256$15000$VT40UZicMRUb$4wekBQWWOg4xae2pcDiwyXWGuKOGkJodg/GuMOxTsT0=", 
      "email": "jaquay@yahoo.com"
    }
  }, 
  {
    "pk": 67, 
    "model": "auth.user", 
    "fields": {
      "username": "johnetteforsmark", 
      "first_name": "Johnette", 
      "last_name": "Forsmark", 
      "is_active": true, 
      "is_staff": true, 
      "password": "pbkdf2_sha256$15000$VT40UZicMRUb$4wekBQWWOg4xae2pcDiwyXWGuKOGkJodg/GuMOxTsT0=", 
      "email": "sevick@gmail.com"
    }
  }, 
  {
    "pk": 68, 
    "model": "auth.user", 
    "fields": {
      "username": "hortensialovenduski", 
      "first_name": "Hortensia", 
      "last_name": "Lovenduski", 
      "is_active": true, 
      "is_staff": true, 
      "password": "pbkdf2_sha256$15000$VT40UZicMRUb$4wekBQWWOg4xae2pcDiwyXWGuKOGkJodg/GuMOxTsT0=", 
      "email": "hamilton@aol.com"
    }
  }, 
  {
    "pk": 69, 
    "model": "auth.user", 
    "fields": {
      "username": "royceharkey", 
      "first_name": "Royce", 
      "last_name": "Harkey", 
      "is_active": true, 
      "is_staff": true, 
      "password": "pbkdf2_sha256$15000$VT40UZicMRUb$4wekBQWWOg4xae2pcDiwyXWGuKOGkJodg/GuMOxTsT0=", 
      "email": "scerbo@hotmail.com"
    }
  }, 
  {
    "pk": 70, 
    "model": "auth.user", 
    "fields": {
      "username": "neliacilley", 
      "first_name": "Nelia", 
      "last_name": "Cilley", 
      "is_active": true, 
      "is_staff": true, 
      "password": "pbkdf2_sha256$15000$VT40UZicMRUb$4wekBQWWOg4xae2pcDiwyXWGuKOGkJodg/GuMOxTsT0=", 
      "email": "kelley@aol.com"
    }
  }, 
  {
    "pk": 71, 
    "model": "auth.user", 
    "fields": {
      "username": "penneycilley", 
      "first_name": "Penney", 
      "last_name": "Cilley", 
      "is_active": true, 
      "is_staff": true, 
      "password": "pbkdf2_sha256$15000$VT40UZicMRUb$4wekBQWWOg4xae2pcDiwyXWGuKOGkJodg/GuMOxTsT0=", 
      "email": "kelley@aol.com"
    }
  }, 
  {
    "pk": 72, 
    "model": "auth.user", 
    "fields": {
      "username": "russellcarrano", 
      "first_name": "Russell", 
      "last_name": "Carrano", 
      "is_active": true, 
      "is_staff": true, 
      "password": "pbkdf2_sha256$15000$VT40UZicMRUb$4wekBQWWOg4xae2pcDiwyXWGuKOGkJodg/GuMOxTsT0=", 
      "email": "guster@yahoo.com"
    }
  }, 
  {
    "pk": 73, 
    "model": "auth.user", 
    "fields": {
      "username": "wilburheskett", 
      "first_name": "Wilbur", 
      "last_name": "Heskett", 
      "is_active": true, 
      "is_staff": true, 
      "password": "pbkdf2_sha256$15000$VT40UZicMRUb$4wekBQWWOg4xae2pcDiwyXWGuKOGkJodg/GuMOxTsT0=", 
      "email": "klafehn@hotmail.com"
    }
  }, 
  {
    "pk": 74, 
    "model": "auth.user", 
    "fields": {
      "username": "leidaheskett", 
      "first_name": "Leida", 
      "last_name": "Heskett", 
      "is_active": true, 
      "is_staff": true, 
      "password": "pbkdf2_sha256$15000$VT40UZicMRUb$4wekBQWWOg4xae2pcDiwyXWGuKOGkJodg/GuMOxTsT0=", 
      "email": "kelley@aol.com"
    }
  }, 
  {
    "pk": 75, 
    "model": "auth.user", 
    "fields": {
      "username": "shanitakaba", 
      "first_name": "Shanita", 
      "last_name": "Kaba", 
      "is_active": true, 
      "is_staff": true, 
      "password": "pbkdf2_sha256$15000$VT40UZicMRUb$4wekBQWWOg4xae2pcDiwyXWGuKOGkJodg/GuMOxTsT0=", 
      "email": "merren@live.com"
    }
  }, 
  {
    "pk": 76, 
    "model": "auth.user", 
    "fields": {
      "username": "ianartis", 
      "first_name": "Ian", 
      "last_name": "Artis", 
      "is_active": true, 
      "is_staff": true, 
      "password": "pbkdf2_sha256$15000$VT40UZicMRUb$4wekBQWWOg4xae2pcDiwyXWGuKOGkJodg/GuMOxTsT0=", 
      "email": "stefanow@gmail.com"
    }
  }, 
  {
    "pk": 77, 
    "model": "auth.user", 
    "fields": {
      "username": "raneeartis", 
      "first_name": "Ranee", 
      "last_name": "Artis", 
      "is_active": true, 
      "is_staff": true, 
      "password": "pbkdf2_sha256$15000$VT40UZicMRUb$4wekBQWWOg4xae2pcDiwyXWGuKOGkJodg/GuMOxTsT0=", 
      "email": "chorney@aol.com"
    }
  }, 
  {
    "pk": 78, 
    "model": "auth.user", 
    "fields": {
      "username": "roycehession", 
      "first_name": "Royce", 
      "last_name": "Hession", 
      "is_active": true, 
      "is_staff": true, 
      "password": "pbkdf2_sha256$15000$VT40UZicMRUb$4wekBQWWOg4xae2pcDiwyXWGuKOGkJodg/GuMOxTsT0=", 
      "email": "tyo@live.com"
    }
  }, 
  {
    "pk": 79, 
    "model": "auth.user", 
    "fields": {
      "username": "jochasse", 
      "first_name": "Jo", 
      "last_name": "Chasse", 
      "is_active": true, 
      "is_staff": true, 
      "password": "pbkdf2_sha256$15000$VT40UZicMRUb$4wekBQWWOg4xae2pcDiwyXWGuKOGkJodg/GuMOxTsT0=", 
      "email": "moshos@hotmail.com"
    }
  }, 
  {
    "pk": 80, 
    "model": "auth.user", 
    "fields": {
      "username": "shavonchasse", 
      "first_name": "Shavon", 
      "last_name": "Chasse", 
      "is_active": true, 
      "is_staff": true, 
      "password": "pbkdf2_sha256$15000$VT40UZicMRUb$4wekBQWWOg4xae2pcDiwyXWGuKOGkJodg/GuMOxTsT0=", 
      "email": "kelley@aol.com"
    }
  }, 
  {
    "pk": 1, 
    "model": "coop.unit", 
    "fields": {
      "block_number": 1701, 
      "unit_number": 101
    }
  }, 
  {
    "pk": 2, 
    "model": "coop.unit", 
    "fields": {
      "block_number": 1701, 
      "unit_number": 102
    }
  }, 
  {
    "pk": 3, 
    "model": "coop.unit", 
    "fields": {
      "block_number": 1701, 
      "unit_number": 103
    }
  }, 
  {
    "pk": 4, 
    "model": "coop.unit", 
    "fields": {
      "block_number": 1701, 
      "unit_number": 104
    }
  }, 
  {
    "pk": 5, 
    "model": "coop.unit", 
    "fields": {
      "block_number": 1701, 
      "unit_number": 105
    }
  }, 
  {
    "pk": 6, 
    "model": "coop.unit", 
    "fields": {
      "block_number": 1701, 
      "unit_number": 106
    }
  }, 
  {
    "pk": 7, 
    "model": "coop.unit", 
    "fields": {
      "block_number": 1701, 
      "unit_number": 107
    }
  }, 
  {
    "pk": 8, 
    "model": "coop.unit", 
    "fields": {
      "block_number": 1701, 
      "unit_number": 108
    }
  }, 
  {
    "pk": 9, 
    "model": "coop.unit", 
    "fields": {
      "block_number": 1701, 
      "unit_number": 109
    }
  }, 
  {
    "pk": 10, 
    "model": "coop.unit", 
    "fields": {
      "block_number": 1701, 
      "unit_number": 110
    }
  }, 
  {
    "pk": 11, 
    "model": "coop.unit", 
    "fields": {
      "block_number": 1701, 
      "unit_number": 111
    }
  }, 
  {
    "pk": 12, 
    "model": "coop.unit", 
    "fields": {
      "block_number": 1701, 
      "unit_number": 112
    }
  }, 
  {
    "pk": 13, 
    "model": "coop.unit", 
    "fields": {
      "block_number": 1701, 
      "unit_number": 113
    }
  }, 
  {
    "pk": 14, 
    "model": "coop.unit", 
    "fields": {
      "block_number": 1703, 
      "unit_number": 101
    }
  }, 
  {
    "pk": 15, 
    "model": "coop.unit", 
    "fields": {
      "block_number": 1703, 
      "unit_number": 102
    }
  }, 
  {
    "pk": 16, 
    "model": "coop.unit", 
    "fields": {
      "block_number": 1703, 
      "unit_number": 103
    }
  }, 
  {
    "pk": 17, 
    "model": "coop.unit", 
    "fields": {
      "block_number": 1703, 
      "unit_number": 104
    }
  }, 
  {
    "pk": 18, 
    "model": "coop.unit", 
    "fields": {
      "block_number": 1703, 
      "unit_number": 105
    }
  }, 
  {
    "pk": 19, 
    "model": "coop.unit", 
    "fields": {
      "block_number": 1703, 
      "unit_number": 106
    }
  }, 
  {
    "pk": 20, 
    "model": "coop.unit", 
    "fields": {
      "block_number": 1715, 
      "unit_number": 101
    }
  }, 
  {
    "pk": 21, 
    "model": "coop.unit", 
    "fields": {
      "block_number": 1715, 
      "unit_number": 102
    }
  }, 
  {
    "pk": 22, 
    "model": "coop.unit", 
    "fields": {
      "block_number": 1715, 
      "unit_number": 103
    }
  }, 
  {
    "pk": 23, 
    "model": "coop.unit", 
    "fields": {
      "block_number": 1715, 
      "unit_number": 104
    }
  }, 
  {
    "pk": 24, 
    "model": "coop.unit", 
    "fields": {
      "block_number": 1715, 
      "unit_number": 105
    }
  }, 
  {
    "pk": 25, 
    "model": "coop.unit", 
    "fields": {
      "block_number": 1715, 
      "unit_number": 106
    }
  }, 
  {
    "pk": 26, 
    "model": "coop.unit", 
    "fields": {
      "block_number": 1715, 
      "unit_number": 107
    }
  }, 
  {
    "pk": 27, 
    "model": "coop.unit", 
    "fields": {
      "block_number": 1715, 
      "unit_number": 108
    }
  }, 
  {
    "pk": 28, 
    "model": "coop.unit", 
    "fields": {
      "block_number": 1739, 
      "unit_number": 101
    }
  }, 
  {
    "pk": 29, 
    "model": "coop.unit", 
    "fields": {
      "block_number": 1739, 
      "unit_number": 102
    }
  }, 
  {
    "pk": 30, 
    "model": "coop.unit", 
    "fields": {
      "block_number": 1739, 
      "unit_number": 103
    }
  }, 
  {
    "pk": 31, 
    "model": "coop.unit", 
    "fields": {
      "block_number": 1739, 
      "unit_number": 104
    }
  }, 
  {
    "pk": 32, 
    "model": "coop.unit", 
    "fields": {
      "block_number": 1739, 
      "unit_number": 105
    }
  }, 
  {
    "pk": 33, 
    "model": "coop.unit", 
    "fields": {
      "block_number": 1739, 
      "unit_number": 106
    }
  }, 
  {
    "pk": 34, 
    "model": "coop.unit", 
    "fields": {
      "block_number": 1739, 
      "unit_number": 107
    }
  }, 
  {
    "pk": 35, 
    "model": "coop.unit", 
    "fields": {
      "block_number": 1739, 
      "unit_number": 108
    }
  }, 
  {
    "pk": 36, 
    "model": "coop.unit", 
    "fields": {
      "block_number": 1739, 
      "unit_number": 109
    }
  }, 
  {
    "pk": 37, 
    "model": "coop.unit", 
    "fields": {
      "block_number": 1739, 
      "unit_number": 110
    }
  }, 
  {
    "pk": 38, 
    "model": "coop.unit", 
    "fields": {
      "block_number": 1739, 
      "unit_number": 111
    }
  }, 
  {
    "pk": 39, 
    "model": "coop.unit", 
    "fields": {
      "block_number": 1747, 
      "unit_number": 101
    }
  }, 
  {
    "pk": 40, 
    "model": "coop.unit", 
    "fields": {
      "block_number": 1747, 
      "unit_number": 102
    }
  }, 
  {
    "pk": 41, 
    "model": "coop.unit", 
    "fields": {
      "block_number": 1747, 
      "unit_number": 103
    }
  }, 
  {
    "pk": 42, 
    "model": "coop.unit", 
    "fields": {
      "block_number": 1747, 
      "unit_number": 104
    }
  }, 
  {
    "pk": 43, 
    "model": "coop.unit", 
    "fields": {
      "block_number": 1747, 
      "unit_number": 105
    }
  }, 
  {
    "pk": 44, 
    "model": "coop.unit", 
    "fields": {
      "block_number": 1747, 
      "unit_number": 106
    }
  }, 
  {
    "pk": 45, 
    "model": "coop.unit", 
    "fields": {
      "block_number": 1747, 
      "unit_number": 107
    }
  }, 
  {
    "pk": 46, 
    "model": "coop.unit", 
    "fields": {
      "block_number": 1747, 
      "unit_number": 108
    }
  }, 
  {
    "pk": 1, 
    "model": "coop.person", 
    "fields": {
      "first_name": "Elba", 
      "last_name": "Landberg", 
      "children": [], 
      "member": true, 
      "user": 11, 
      "phone_numbers": [
        1
      ], 
      "email": "marina@gmail.com", 
      "unit": 38
    }
  }, 
  {
    "pk": 2, 
    "model": "coop.person", 
    "fields": {
      "first_name": "Huey", 
      "last_name": "Citroni", 
      "children": [], 
      "member": true, 
      "user": 12, 
      "phone_numbers": [
        2
      ], 
      "email": "caissie@hotmail.com", 
      "unit": 24
    }
  }, 
  {
    "pk": 3, 
    "model": "coop.person", 
    "fields": {
      "first_name": "Terrell", 
      "last_name": "Dangerfield", 
      "children": [], 
      "member": true, 
      "user": 13, 
      "phone_numbers": [
        3
      ], 
      "email": "kelley@aol.com", 
      "unit": 8
    }
  }, 
  {
    "pk": 4, 
    "model": "coop.person", 
    "fields": {
      "first_name": "Taylor", 
      "last_name": "Gallosa", 
      "children": [], 
      "member": true, 
      "user": 14, 
      "phone_numbers": [
        4
      ], 
      "email": "doverspike@aol.com", 
      "unit": 20
    }
  }, 
  {
    "pk": 5, 
    "model": "coop.person", 
    "fields": {
      "first_name": "Libby", 
      "last_name": "Gallosa", 
      "children": [], 
      "member": true, 
      "user": 15, 
      "phone_numbers": [
        4
      ], 
      "email": "doverspike@aol.com", 
      "unit": 20
    }
  }, 
  {
    "pk": 6, 
    "model": "coop.person", 
    "fields": {
      "first_name": "Delmy", 
      "last_name": "Petrina", 
      "children": [
        71, 
        72
      ], 
      "member": true, 
      "user": 16, 
      "phone_numbers": [
        5
      ], 
      "email": "kelley@aol.com", 
      "unit": 42
    }
  }, 
  {
    "pk": 7, 
    "model": "coop.person", 
    "fields": {
      "first_name": "Vanita", 
      "last_name": "Steffey", 
      "children": [], 
      "member": true, 
      "user": 17, 
      "phone_numbers": [
        6
      ], 
      "email": "kindler@aol.com", 
      "unit": 19
    }
  }, 
  {
    "pk": 8, 
    "model": "coop.person", 
    "fields": {
      "first_name": "Kathe", 
      "last_name": "Vandersteen", 
      "children": [], 
      "member": true, 
      "user": 18, 
      "phone_numbers": [
        7
      ], 
      "email": "dingus@hotmail.com", 
      "unit": 25
    }
  }, 
  {
    "pk": 9, 
    "model": "coop.person", 
    "fields": {
      "first_name": "Dannielle", 
      "last_name": "Mallonee", 
      "notes": "Moved to 108, 1701 as of Aug. 01, 2014", 
      "children": [
        73, 
        74, 
        75
      ], 
      "member": true, 
      "user": 19, 
      "phone_numbers": [
        8
      ], 
      "email": "kelley@aol.com", 
      "unit": 31
    }
  }, 
  {
    "pk": 10, 
    "model": "coop.person", 
    "fields": {
      "first_name": "Haley", 
      "last_name": "Mallonee", 
      "notes": "Moved to 108, 1701 as of Aug. 01, 2014", 
      "children": [
        73, 
        74, 
        75
      ], 
      "member": true, 
      "user": 20, 
      "phone_numbers": [
        8
      ], 
      "email": "lijewski@live.com", 
      "unit": 31
    }
  }, 
  {
    "pk": 11, 
    "model": "coop.person", 
    "fields": {
      "first_name": "Justin", 
      "last_name": "Fiermonte", 
      "notes": "Will move in on Aug. 01/14. Moving from Winnipeg. Phone number not available yet.", 
      "children": [
        76, 
        77
      ], 
      "member": true, 
      "user": 21, 
      "phone_numbers": [], 
      "email": "tonie@hotmail.com", 
      "unit": 10
    }
  }, 
  {
    "pk": 12, 
    "model": "coop.person", 
    "fields": {
      "first_name": "Delbert", 
      "last_name": "Fiermonte", 
      "notes": "Will move in on Aug. 01/14. Moving from Winnipeg. Phone number not available yet.", 
      "children": [
        76, 
        77
      ], 
      "member": true, 
      "user": 22, 
      "phone_numbers": [], 
      "email": "tonie@hotmail.com", 
      "unit": 10
    }
  }, 
  {
    "pk": 13, 
    "model": "coop.person", 
    "fields": {
      "first_name": "Ozie", 
      "last_name": "Guzma", 
      "children": [
        78, 
        79
      ], 
      "member": true, 
      "user": 23, 
      "phone_numbers": [
        9
      ], 
      "email": "hannagan@yahoo.com", 
      "unit": 21
    }
  }, 
  {
    "pk": 14, 
    "model": "coop.person", 
    "fields": {
      "first_name": "Vanita", 
      "last_name": "Chmiel", 
      "children": [
        78, 
        79
      ], 
      "member": true, 
      "user": 24, 
      "phone_numbers": [
        9
      ], 
      "email": "hayoz@gmail.com", 
      "unit": 21
    }
  }, 
  {
    "pk": 15, 
    "model": "coop.person", 
    "fields": {
      "first_name": "Thad", 
      "last_name": "Lindner", 
      "children": [
        80, 
        81
      ], 
      "member": true, 
      "user": 25, 
      "phone_numbers": [
        10
      ], 
      "email": "gauci@gmail.com", 
      "unit": 37
    }
  }, 
  {
    "pk": 16, 
    "model": "coop.person", 
    "fields": {
      "first_name": "Ettie", 
      "last_name": "Coke", 
      "children": [], 
      "member": true, 
      "user": 26, 
      "phone_numbers": [
        11
      ], 
      "email": "karma@hotmail.com", 
      "unit": 23
    }
  }, 
  {
    "pk": 17, 
    "model": "coop.person", 
    "fields": {
      "first_name": "Kaitlyn", 
      "last_name": "Respes", 
      "children": [], 
      "member": true, 
      "user": 27, 
      "phone_numbers": [
        12
      ], 
      "email": "conant@yahoo.com", 
      "unit": 3
    }
  }, 
  {
    "pk": 18, 
    "model": "coop.person", 
    "fields": {
      "first_name": "Heide", 
      "last_name": "Carnall", 
      "children": [], 
      "member": true, 
      "user": 28, 
      "phone_numbers": [
        13
      ], 
      "email": "pough@aol.com", 
      "unit": 14
    }
  }, 
  {
    "pk": 19, 
    "model": "coop.person", 
    "fields": {
      "first_name": "Mitchell", 
      "last_name": "Carnall", 
      "children": [], 
      "member": true, 
      "user": 29, 
      "phone_numbers": [
        13
      ], 
      "email": "pough@aol.com", 
      "unit": 14
    }
  }, 
  {
    "pk": 20, 
    "model": "coop.person", 
    "fields": {
      "first_name": "Khadijah", 
      "last_name": "Groholski", 
      "children": [
        82
      ], 
      "member": true, 
      "user": 30, 
      "phone_numbers": [
        14
      ], 
      "email": "knepshield@aol.com", 
      "unit": 27
    }
  }, 
  {
    "pk": 21, 
    "model": "coop.person", 
    "fields": {
      "first_name": "Jannet", 
      "last_name": "Groholski", 
      "children": [
        82
      ], 
      "member": true, 
      "user": 31, 
      "phone_numbers": [
        14
      ], 
      "email": "knepshield@aol.com", 
      "unit": 27
    }
  }, 
  {
    "pk": 22, 
    "model": "coop.person", 
    "fields": {
      "first_name": "Saul", 
      "last_name": "Hendrik", 
      "children": [
        83, 
        84
      ], 
      "member": true, 
      "user": 32, 
      "phone_numbers": [
        15
      ], 
      "email": "mullings@gmail.com", 
      "unit": 13
    }
  }, 
  {
    "pk": 23, 
    "model": "coop.person", 
    "fields": {
      "first_name": "Leila", 
      "last_name": "Hendrik", 
      "children": [
        83, 
        84
      ], 
      "member": true, 
      "user": 33, 
      "phone_numbers": [
        15
      ], 
      "email": "kelley@aol.com", 
      "unit": 13
    }
  }, 
  {
    "pk": 24, 
    "model": "coop.person", 
    "fields": {
      "first_name": "Maya", 
      "last_name": "Menges", 
      "committee_excused": true, 
      "children": [], 
      "member": true, 
      "user": 34, 
      "phone_numbers": [
        16
      ], 
      "email": "kelley@aol.com", 
      "unit": 4
    }
  }, 
  {
    "pk": 25, 
    "model": "coop.person", 
    "fields": {
      "first_name": "Maxima", 
      "last_name": "Bovie", 
      "children": [
        85
      ], 
      "member": true, 
      "user": 35, 
      "phone_numbers": [
        17
      ], 
      "email": "bellehumeur@aol.com", 
      "unit": 46
    }
  }, 
  {
    "pk": 26, 
    "model": "coop.person", 
    "fields": {
      "first_name": "Johnette", 
      "last_name": "Bovie", 
      "children": [
        85
      ], 
      "member": true, 
      "user": 36, 
      "phone_numbers": [
        17, 
        18
      ], 
      "email": "soders@live.com", 
      "unit": 46
    }
  }, 
  {
    "pk": 27, 
    "model": "coop.person", 
    "fields": {
      "first_name": "Dania", 
      "last_name": "Mallonee", 
      "children": [
        86
      ], 
      "member": true, 
      "user": 37, 
      "phone_numbers": [
        19
      ], 
      "email": "doolen@live.com", 
      "unit": 5
    }
  }, 
  {
    "pk": 28, 
    "model": "coop.person", 
    "fields": {
      "first_name": "Raymon", 
      "last_name": "Mallonee", 
      "children": [
        86
      ], 
      "member": true, 
      "user": 38, 
      "phone_numbers": [
        19
      ], 
      "email": "doolen@live.com", 
      "unit": 5
    }
  }, 
  {
    "pk": 29, 
    "model": "coop.person", 
    "fields": {
      "first_name": "Margarette", 
      "last_name": "Sramek", 
      "committee_excused": true, 
      "children": [], 
      "member": true, 
      "user": 39, 
      "phone_numbers": [
        20
      ], 
      "email": "rothschild@yahoo.com", 
      "unit": 41
    }
  }, 
  {
    "pk": 30, 
    "model": "coop.person", 
    "fields": {
      "first_name": "Dania", 
      "last_name": "Genovesi", 
      "children": [
        87
      ], 
      "member": true, 
      "user": 40, 
      "phone_numbers": [
        21
      ], 
      "email": "lyde@live.com", 
      "unit": 34
    }
  }, 
  {
    "pk": 31, 
    "model": "coop.person", 
    "fields": {
      "first_name": "Gayle", 
      "last_name": "Malvin", 
      "children": [], 
      "member": true, 
      "user": 41, 
      "phone_numbers": [
        22
      ], 
      "email": "tsing@hotmail.com", 
      "unit": 44
    }
  }, 
  {
    "pk": 32, 
    "model": "coop.person", 
    "fields": {
      "first_name": "Evia", 
      "last_name": "Malvin", 
      "children": [], 
      "member": true, 
      "user": 42, 
      "phone_numbers": [
        23
      ], 
      "email": "wadhams@yahoo.com", 
      "unit": 44
    }
  }, 
  {
    "pk": 33, 
    "model": "coop.person", 
    "fields": {
      "first_name": "Lili", 
      "last_name": "Kauk", 
      "notes": "Will move in on Aug. 01/14", 
      "children": [
        88, 
        89, 
        90
      ], 
      "member": true, 
      "user": 43, 
      "phone_numbers": [], 
      "email": "kelley@aol.com", 
      "unit": 16
    }
  }, 
  {
    "pk": 34, 
    "model": "coop.person", 
    "fields": {
      "first_name": "Cecily", 
      "last_name": "Petrina", 
      "children": [], 
      "member": true, 
      "user": 44, 
      "phone_numbers": [
        24
      ], 
      "email": "edu@live.com", 
      "unit": 7
    }
  }, 
  {
    "pk": 35, 
    "model": "coop.person", 
    "fields": {
      "first_name": "Lynda", 
      "last_name": "Coache", 
      "children": [], 
      "member": true, 
      "user": 45, 
      "phone_numbers": [
        24
      ], 
      "email": "kelley@aol.com", 
      "unit": 7
    }
  }, 
  {
    "pk": 36, 
    "model": "coop.person", 
    "fields": {
      "first_name": "Meryl", 
      "last_name": "Sacarello", 
      "children": [
        91, 
        92
      ], 
      "member": true, 
      "user": 46, 
      "phone_numbers": [
        25
      ], 
      "email": "common@aol.com", 
      "unit": 29
    }
  }, 
  {
    "pk": 37, 
    "model": "coop.person", 
    "fields": {
      "first_name": "Harlan", 
      "last_name": "Schutte", 
      "children": [], 
      "member": true, 
      "user": 47, 
      "phone_numbers": [
        26
      ], 
      "email": "denten@gmail.com", 
      "unit": 12
    }
  }, 
  {
    "pk": 38, 
    "model": "coop.person", 
    "fields": {
      "first_name": "Irena", 
      "last_name": "Fehringer", 
      "children": [
        93, 
        94
      ], 
      "member": true, 
      "user": 48, 
      "phone_numbers": [
        27
      ], 
      "email": "wahlenmaier@live.com", 
      "unit": 15
    }
  }, 
  {
    "pk": 39, 
    "model": "coop.person", 
    "fields": {
      "first_name": "Claude", 
      "last_name": "Thurstonson", 
      "children": [
        93, 
        94
      ], 
      "member": true, 
      "user": 49, 
      "phone_numbers": [
        27
      ], 
      "email": "kelley@aol.com", 
      "unit": 15
    }
  }, 
  {
    "pk": 40, 
    "model": "coop.person", 
    "fields": {
      "first_name": "Preston", 
      "last_name": "Bellair", 
      "children": [
        95
      ], 
      "member": true, 
      "user": 50, 
      "phone_numbers": [
        28
      ], 
      "email": "prendes@aol.com", 
      "unit": 36
    }
  }, 
  {
    "pk": 41, 
    "model": "coop.person", 
    "fields": {
      "first_name": "Rebeca", 
      "last_name": "Bellair", 
      "children": [
        95
      ], 
      "member": true, 
      "user": 51, 
      "phone_numbers": [
        28
      ], 
      "email": "kelley@aol.com", 
      "unit": 36
    }
  }, 
  {
    "pk": 42, 
    "model": "coop.person", 
    "fields": {
      "first_name": "Scot", 
      "last_name": "Birkenholz", 
      "children": [
        96, 
        97
      ], 
      "member": true, 
      "user": 52, 
      "phone_numbers": [
        29
      ], 
      "email": "verge@aol.com", 
      "unit": 33
    }
  }, 
  {
    "pk": 43, 
    "model": "coop.person", 
    "fields": {
      "first_name": "Briana", 
      "last_name": "Godsey", 
      "children": [
        96, 
        97
      ], 
      "member": true, 
      "user": 53, 
      "phone_numbers": [
        30
      ], 
      "email": "kelley@aol.com", 
      "unit": 33
    }
  }, 
  {
    "pk": 44, 
    "model": "coop.person", 
    "fields": {
      "first_name": "Milo", 
      "last_name": "Merrifield", 
      "children": [
        98, 
        99, 
        100
      ], 
      "member": true, 
      "user": 54, 
      "phone_numbers": [
        31
      ], 
      "email": "haigler@yahoo.com", 
      "unit": 26
    }
  }, 
  {
    "pk": 45, 
    "model": "coop.person", 
    "fields": {
      "first_name": "Yael", 
      "last_name": "Merrifield", 
      "children": [
        98, 
        99, 
        100
      ], 
      "member": true, 
      "user": 55, 
      "phone_numbers": [
        32
      ], 
      "email": "hoitt@yahoo.com", 
      "unit": 26
    }
  }, 
  {
    "pk": 46, 
    "model": "coop.person", 
    "fields": {
      "first_name": "Delmer", 
      "last_name": "Keszler", 
      "children": [
        101, 
        102
      ], 
      "member": true, 
      "user": 56, 
      "phone_numbers": [
        33
      ], 
      "email": "dellon@aol.com", 
      "unit": 2
    }
  }, 
  {
    "pk": 47, 
    "model": "coop.person", 
    "fields": {
      "first_name": "Briana", 
      "last_name": "Donohoo", 
      "notes": "Moving in on Aug. 01/14", 
      "children": [
        103, 
        104
      ], 
      "member": true, 
      "user": 57, 
      "phone_numbers": [
        34, 
        35
      ], 
      "email": "yeats@hotmail.com", 
      "unit": 17
    }
  }, 
  {
    "pk": 48, 
    "model": "coop.person", 
    "fields": {
      "first_name": "Ettie", 
      "last_name": "Donohoo", 
      "notes": "Moving in on Aug. 01/14", 
      "children": [
        103, 
        104
      ], 
      "member": true, 
      "user": 58, 
      "phone_numbers": [
        36, 
        35
      ], 
      "email": "yeats@hotmail.com", 
      "unit": 17
    }
  }, 
  {
    "pk": 49, 
    "model": "coop.person", 
    "fields": {
      "first_name": "Jeramy", 
      "last_name": "Rickie", 
      "children": [
        105, 
        106
      ], 
      "member": true, 
      "user": 59, 
      "phone_numbers": [
        37
      ], 
      "email": "crumpler@hotmail.com", 
      "unit": 32
    }
  }, 
  {
    "pk": 50, 
    "model": "coop.person", 
    "fields": {
      "first_name": "Marcel", 
      "last_name": "Dorcas", 
      "children": [
        107, 
        108
      ], 
      "member": true, 
      "user": 60, 
      "phone_numbers": [
        38
      ], 
      "email": "allvin@hotmail.com", 
      "unit": 39
    }
  }, 
  {
    "pk": 51, 
    "model": "coop.person", 
    "fields": {
      "first_name": "Darrin", 
      "last_name": "Vangemert", 
      "children": [
        107, 
        108
      ], 
      "member": true, 
      "user": 61, 
      "phone_numbers": [
        38
      ], 
      "email": "kelley@aol.com", 
      "unit": 39
    }
  }, 
  {
    "pk": 52, 
    "model": "coop.person", 
    "fields": {
      "first_name": "Yuki", 
      "last_name": "Beckham", 
      "children": [], 
      "member": true, 
      "user": 62, 
      "phone_numbers": [
        39, 
        40
      ], 
      "email": "madise@aol.com", 
      "unit": 40
    }
  }, 
  {
    "pk": 53, 
    "model": "coop.person", 
    "fields": {
      "first_name": "Tiara", 
      "last_name": "Getsinger", 
      "children": [], 
      "member": true, 
      "user": 63, 
      "phone_numbers": [
        39, 
        40
      ], 
      "email": "anter@yahoo.com", 
      "unit": 40
    }
  }, 
  {
    "pk": 54, 
    "model": "coop.person", 
    "fields": {
      "first_name": "Roseann", 
      "last_name": "Sele", 
      "children": [
        109, 
        110
      ], 
      "member": true, 
      "user": 64, 
      "phone_numbers": [
        41
      ], 
      "email": "guggemos@aol.com", 
      "unit": 1
    }
  }, 
  {
    "pk": 55, 
    "model": "coop.person", 
    "fields": {
      "first_name": "Teddy", 
      "last_name": "Sele", 
      "children": [
        109, 
        110
      ], 
      "member": true, 
      "user": 65, 
      "phone_numbers": [
        41
      ], 
      "email": "guggemos@aol.com", 
      "unit": 1
    }
  }, 
  {
    "pk": 56, 
    "model": "coop.person", 
    "fields": {
      "first_name": "Broderick", 
      "last_name": "Forsmark", 
      "notes": "MOVING from 105 - 1739 as of 7/31/14", 
      "children": [
        111, 
        112
      ], 
      "member": true, 
      "user": 66, 
      "phone_numbers": [
        42
      ], 
      "email": "jaquay@yahoo.com", 
      "unit": 45
    }
  }, 
  {
    "pk": 57, 
    "model": "coop.person", 
    "fields": {
      "first_name": "Johnette", 
      "last_name": "Forsmark", 
      "notes": "MOVING from 105 - 1739 as of 7/31/14", 
      "children": [
        111, 
        112
      ], 
      "member": true, 
      "user": 67, 
      "phone_numbers": [
        42
      ], 
      "email": "sevick@gmail.com", 
      "unit": 45
    }
  }, 
  {
    "pk": 58, 
    "model": "coop.person", 
    "fields": {
      "first_name": "Hortensia", 
      "last_name": "Lovenduski", 
      "children": [], 
      "member": true, 
      "user": 68, 
      "phone_numbers": [
        43
      ], 
      "email": "hamilton@aol.com", 
      "unit": 9
    }
  }, 
  {
    "pk": 59, 
    "model": "coop.person", 
    "fields": {
      "first_name": "Royce", 
      "last_name": "Harkey", 
      "children": [], 
      "member": true, 
      "user": 69, 
      "phone_numbers": [
        44
      ], 
      "email": "scerbo@hotmail.com", 
      "unit": 28
    }
  }, 
  {
    "pk": 60, 
    "model": "coop.person", 
    "fields": {
      "first_name": "Nelia", 
      "last_name": "Cilley", 
      "children": [], 
      "member": true, 
      "user": 70, 
      "phone_numbers": [
        45
      ], 
      "email": "kelley@aol.com", 
      "unit": 22
    }
  }, 
  {
    "pk": 61, 
    "model": "coop.person", 
    "fields": {
      "first_name": "Penney", 
      "last_name": "Cilley", 
      "children": [], 
      "member": true, 
      "user": 71, 
      "phone_numbers": [
        45
      ], 
      "email": "kelley@aol.com", 
      "unit": 22
    }
  }, 
  {
    "pk": 62, 
    "model": "coop.person", 
    "fields": {
      "first_name": "Russell", 
      "last_name": "Carrano", 
      "children": [
        113, 
        114
      ], 
      "member": true, 
      "user": 72, 
      "phone_numbers": [], 
      "email": "guster@yahoo.com", 
      "unit": 35
    }
  }, 
  {
    "pk": 63, 
    "model": "coop.person", 
    "fields": {
      "first_name": "Wilbur", 
      "last_name": "Heskett", 
      "children": [
        115
      ], 
      "member": true, 
      "user": 73, 
      "phone_numbers": [
        46
      ], 
      "email": "klafehn@hotmail.com", 
      "unit": 6
    }
  }, 
  {
    "pk": 64, 
    "model": "coop.person", 
    "fields": {
      "first_name": "Leida", 
      "last_name": "Heskett", 
      "children": [
        115
      ], 
      "member": true, 
      "user": 74, 
      "phone_numbers": [
        46
      ], 
      "email": "kelley@aol.com", 
      "unit": 6
    }
  }, 
  {
    "pk": 65, 
    "model": "coop.person", 
    "fields": {
      "first_name": "Shanita", 
      "last_name": "Kaba", 
      "children": [
        116
      ], 
      "member": true, 
      "user": 75, 
      "phone_numbers": [
        47
      ], 
      "email": "merren@live.com", 
      "unit": 30
    }
  }, 
  {
    "pk": 66, 
    "model": "coop.person", 
    "fields": {
      "first_name": "Ian", 
      "last_name": "Artis", 
      "children": [
        117, 
        118
      ], 
      "member": true, 
      "user": 76, 
      "phone_numbers": [
        48, 
        49
      ], 
      "email": "stefanow@gmail.com", 
      "unit": 43
    }
  }, 
  {
    "pk": 67, 
    "model": "coop.person", 
    "fields": {
      "first_name": "Ranee", 
      "last_name": "Artis", 
      "children": [
        117, 
        118
      ], 
      "member": true, 
      "user": 77, 
      "phone_numbers": [
        48, 
        50
      ], 
      "email": "chorney@aol.com", 
      "unit": 43
    }
  }, 
  {
    "pk": 68, 
    "model": "coop.person", 
    "fields": {
      "first_name": "Royce", 
      "last_name": "Hession", 
      "children": [], 
      "member": true, 
      "user": 78, 
      "phone_numbers": [
        51
      ], 
      "email": "tyo@live.com", 
      "unit": 11
    }
  }, 
  {
    "pk": 69, 
    "model": "coop.person", 
    "fields": {
      "first_name": "Jo", 
      "last_name": "Chasse", 
      "children": [
        119
      ], 
      "member": true, 
      "user": 79, 
      "phone_numbers": [
        52
      ], 
      "email": "moshos@hotmail.com", 
      "unit": 18
    }
  }, 
  {
    "pk": 70, 
    "model": "coop.person", 
    "fields": {
      "first_name": "Shavon", 
      "last_name": "Chasse", 
      "children": [
        119
      ], 
      "member": true, 
      "user": 80, 
      "phone_numbers": [
        52
      ], 
      "email": "kelley@aol.com", 
      "unit": 18
    }
  }, 
  {
    "pk": 71, 
    "model": "coop.person", 
    "fields": {
      "member": false, 
      "first_name": "Gwyn", 
      "last_name": "Petrina"
    }
  }, 
  {
    "pk": 72, 
    "model": "coop.person", 
    "fields": {
      "member": false, 
      "first_name": "Ronnie", 
      "last_name": "Petrina"
    }
  }, 
  {
    "pk": 73, 
    "model": "coop.person", 
    "fields": {
      "member": false, 
      "first_name": "Willian", 
      "last_name": "Mallonee"
    }
  }, 
  {
    "pk": 74, 
    "model": "coop.person", 
    "fields": {
      "member": false, 
      "first_name": "Cathern", 
      "last_name": "Mallonee"
    }
  }, 
  {
    "pk": 75, 
    "model": "coop.person", 
    "fields": {
      "member": false, 
      "first_name": "Dawna", 
      "last_name": "Mallonee"
    }
  }, 
  {
    "pk": 76, 
    "model": "coop.person", 
    "fields": {
      "member": false, 
      "first_name": "Valentina", 
      "last_name": "Fiermonte"
    }
  }, 
  {
    "pk": 77, 
    "model": "coop.person", 
    "fields": {
      "member": false, 
      "first_name": "Mariana", 
      "last_name": "Fiermonte"
    }
  }, 
  {
    "pk": 78, 
    "model": "coop.person", 
    "fields": {
      "member": false, 
      "first_name": "Michelina", 
      "last_name": "Kine"
    }
  }, 
  {
    "pk": 79, 
    "model": "coop.person", 
    "fields": {
      "member": false, 
      "first_name": "Iva", 
      "last_name": "Kine"
    }
  }, 
  {
    "pk": 80, 
    "model": "coop.person", 
    "fields": {
      "member": false, 
      "first_name": "Giuseppina", 
      "last_name": "Lindner"
    }
  }, 
  {
    "pk": 81, 
    "model": "coop.person", 
    "fields": {
      "member": false, 
      "first_name": "Len", 
      "last_name": "Lindner"
    }
  }, 
  {
    "pk": 82, 
    "model": "coop.person", 
    "fields": {
      "member": false, 
      "first_name": "Lance", 
      "last_name": "Groholski"
    }
  }, 
  {
    "pk": 83, 
    "model": "coop.person", 
    "fields": {
      "member": false, 
      "first_name": "Janina", 
      "last_name": "Hendrik"
    }
  }, 
  {
    "pk": 84, 
    "model": "coop.person", 
    "fields": {
      "member": false, 
      "first_name": "Janae", 
      "last_name": "Hendrik"
    }
  }, 
  {
    "pk": 85, 
    "model": "coop.person", 
    "fields": {
      "member": false, 
      "first_name": "Jannet", 
      "last_name": "Bovie"
    }
  }, 
  {
    "pk": 86, 
    "model": "coop.person", 
    "fields": {
      "member": false, 
      "first_name": "Kenny", 
      "last_name": "Mallonee"
    }
  }, 
  {
    "pk": 87, 
    "model": "coop.person", 
    "fields": {
      "member": false, 
      "first_name": "Chang", 
      "last_name": "Genovesi"
    }
  }, 
  {
    "pk": 88, 
    "model": "coop.person", 
    "fields": {
      "member": false, 
      "first_name": "Freeda", 
      "last_name": "Kauk"
    }
  }, 
  {
    "pk": 89, 
    "model": "coop.person", 
    "fields": {
      "member": false, 
      "first_name": "Rana", 
      "last_name": "Kauk"
    }
  }, 
  {
    "pk": 90, 
    "model": "coop.person", 
    "fields": {
      "member": false, 
      "first_name": "Beryl", 
      "last_name": "Kauk"
    }
  }, 
  {
    "pk": 91, 
    "model": "coop.person", 
    "fields": {
      "member": false, 
      "first_name": "Amira", 
      "last_name": "Sacarello"
    }
  }, 
  {
    "pk": 92, 
    "model": "coop.person", 
    "fields": {
      "member": false, 
      "first_name": "Lore", 
      "last_name": "Sacarello"
    }
  }, 
  {
    "pk": 93, 
    "model": "coop.person", 
    "fields": {
      "member": false, 
      "first_name": "Christeen", 
      "last_name": "Fehringer"
    }
  }, 
  {
    "pk": 94, 
    "model": "coop.person", 
    "fields": {
      "member": false, 
      "first_name": "Clarisa", 
      "last_name": "Fehringer"
    }
  }, 
  {
    "pk": 95, 
    "model": "coop.person", 
    "fields": {
      "member": false, 
      "first_name": "Terence", 
      "last_name": "Bellair"
    }
  }, 
  {
    "pk": 96, 
    "model": "coop.person", 
    "fields": {
      "member": false, 
      "first_name": "Maude", 
      "last_name": "Toomsen"
    }
  }, 
  {
    "pk": 97, 
    "model": "coop.person", 
    "fields": {
      "member": false, 
      "first_name": "Roy", 
      "last_name": "Toomsen"
    }
  }, 
  {
    "pk": 98, 
    "model": "coop.person", 
    "fields": {
      "member": false, 
      "first_name": "Charleen", 
      "last_name": "Merrifield"
    }
  }, 
  {
    "pk": 99, 
    "model": "coop.person", 
    "fields": {
      "member": false, 
      "first_name": "Kenny", 
      "last_name": "Merrifield"
    }
  }, 
  {
    "pk": 100, 
    "model": "coop.person", 
    "fields": {
      "member": false, 
      "first_name": "Cathryn", 
      "last_name": "Merrifield"
    }
  }, 
  {
    "pk": 101, 
    "model": "coop.person", 
    "fields": {
      "member": false, 
      "first_name": "Gerald", 
      "last_name": "Keszler"
    }
  }, 
  {
    "pk": 102, 
    "model": "coop.person", 
    "fields": {
      "member": false, 
      "first_name": "Marguerita", 
      "last_name": "Keszler"
    }
  }, 
  {
    "pk": 103, 
    "model": "coop.person", 
    "fields": {
      "member": false, 
      "first_name": "Merle", 
      "last_name": "Donohoo"
    }
  }, 
  {
    "pk": 104, 
    "model": "coop.person", 
    "fields": {
      "member": false, 
      "first_name": "Lori", 
      "last_name": "Donohoo"
    }
  }, 
  {
    "pk": 105, 
    "model": "coop.person", 
    "fields": {
      "member": false, 
      "first_name": "Rudy", 
      "last_name": "Rickie"
    }
  }, 
  {
    "pk": 106, 
    "model": "coop.person", 
    "fields": {
      "member": false, 
      "first_name": "Willa", 
      "last_name": "Rickie"
    }
  }, 
  {
    "pk": 107, 
    "model": "coop.person", 
    "fields": {
      "member": false, 
      "first_name": "Sana", 
      "last_name": "Dorcas"
    }
  }, 
  {
    "pk": 108, 
    "model": "coop.person", 
    "fields": {
      "member": false, 
      "first_name": "Beryl", 
      "last_name": "Dorcas"
    }
  }, 
  {
    "pk": 109, 
    "model": "coop.person", 
    "fields": {
      "member": false, 
      "first_name": "Gilberte", 
      "last_name": "Sele"
    }
  }, 
  {
    "pk": 110, 
    "model": "coop.person", 
    "fields": {
      "member": false, 
      "first_name": "Gregory", 
      "last_name": "Sele"
    }
  }, 
  {
    "pk": 111, 
    "model": "coop.person", 
    "fields": {
      "member": false, 
      "first_name": "Sondra", 
      "last_name": "Forsmark"
    }
  }, 
  {
    "pk": 112, 
    "model": "coop.person", 
    "fields": {
      "member": false, 
      "first_name": "Charline", 
      "last_name": "Forsmark"
    }
  }, 
  {
    "pk": 113, 
    "model": "coop.person", 
    "fields": {
      "member": false, 
      "first_name": "Paola", 
      "last_name": "Carrano"
    }
  }, 
  {
    "pk": 114, 
    "model": "coop.person", 
    "fields": {
      "member": false, 
      "first_name": "Vicenta", 
      "last_name": "Carrano"
    }
  }, 
  {
    "pk": 115, 
    "model": "coop.person", 
    "fields": {
      "member": false, 
      "first_name": "Jolyn", 
      "last_name": "Heskett"
    }
  }, 
  {
    "pk": 116, 
    "model": "coop.person", 
    "fields": {
      "member": false, 
      "first_name": "Justin", 
      "last_name": "Kaba"
    }
  }, 
  {
    "pk": 117, 
    "model": "coop.person", 
    "fields": {
      "member": false, 
      "first_name": "Ivory", 
      "last_name": "Artis"
    }
  }, 
  {
    "pk": 118, 
    "model": "coop.person", 
    "fields": {
      "member": false, 
      "first_name": "Kenda", 
      "last_name": "Artis"
    }
  }, 
  {
    "pk": 119, 
    "model": "coop.person", 
    "fields": {
      "member": false, 
      "first_name": "Jannet", 
      "last_name": "Chasse"
    }
  }, 
  {
    "pk": 1, 
    "model": "coop.phonenumber", 
    "fields": {
      "phone_type": "cell", 
      "number": "327-895-4310"
    }
  }, 
  {
    "pk": 2, 
    "model": "coop.phonenumber", 
    "fields": {
      "phone_type": "", 
      "number": "128-954-6418"
    }
  }, 
  {
    "pk": 3, 
    "model": "coop.phonenumber", 
    "fields": {
      "phone_type": "", 
      "number": "034-174-8906"
    }
  }, 
  {
    "pk": 4, 
    "model": "coop.phonenumber", 
    "fields": {
      "phone_type": "", 
      "number": "136-726-0754"
    }
  }, 
  {
    "pk": 5, 
    "model": "coop.phonenumber", 
    "fields": {
      "phone_type": "", 
      "number": "041-539-6925"
    }
  }, 
  {
    "pk": 6, 
    "model": "coop.phonenumber", 
    "fields": {
      "phone_type": "", 
      "number": "518-437-9706"
    }
  }, 
  {
    "pk": 7, 
    "model": "coop.phonenumber", 
    "fields": {
      "phone_type": "", 
      "number": "439-243-9128"
    }
  }, 
  {
    "pk": 8, 
    "model": "coop.phonenumber", 
    "fields": {
      "phone_type": "", 
      "number": "716-642-6374"
    }
  }, 
  {
    "pk": 9, 
    "model": "coop.phonenumber", 
    "fields": {
      "phone_type": "", 
      "number": "186-375-6904"
    }
  }, 
  {
    "pk": 10, 
    "model": "coop.phonenumber", 
    "fields": {
      "phone_type": "", 
      "number": "260-483-4715"
    }
  }, 
  {
    "pk": 11, 
    "model": "coop.phonenumber", 
    "fields": {
      "phone_type": "", 
      "number": "092-213-5672"
    }
  }, 
  {
    "pk": 12, 
    "model": "coop.phonenumber", 
    "fields": {
      "phone_type": "", 
      "number": "043-491-5840"
    }
  }, 
  {
    "pk": 13, 
    "model": "coop.phonenumber", 
    "fields": {
      "phone_type": "", 
      "number": "951-804-7469"
    }
  }, 
  {
    "pk": 14, 
    "model": "coop.phonenumber", 
    "fields": {
      "phone_type": "", 
      "number": "139-835-3729"
    }
  }, 
  {
    "pk": 15, 
    "model": "coop.phonenumber", 
    "fields": {
      "phone_type": "", 
      "number": "380-975-2184"
    }
  }, 
  {
    "pk": 16, 
    "model": "coop.phonenumber", 
    "fields": {
      "phone_type": "", 
      "number": "853-675-1934"
    }
  }, 
  {
    "pk": 17, 
    "model": "coop.phonenumber", 
    "fields": {
      "phone_type": "", 
      "number": "042-368-7309"
    }
  }, 
  {
    "pk": 18, 
    "model": "coop.phonenumber", 
    "fields": {
      "phone_type": "cell", 
      "number": "841-480-3148"
    }
  }, 
  {
    "pk": 19, 
    "model": "coop.phonenumber", 
    "fields": {
      "phone_type": "", 
      "number": "498-953-8102"
    }
  }, 
  {
    "pk": 20, 
    "model": "coop.phonenumber", 
    "fields": {
      "phone_type": "", 
      "number": "450-201-4136"
    }
  }, 
  {
    "pk": 21, 
    "model": "coop.phonenumber", 
    "fields": {
      "phone_type": "", 
      "number": "326-312-1506"
    }
  }, 
  {
    "pk": 22, 
    "model": "coop.phonenumber", 
    "fields": {
      "phone_type": "", 
      "number": "061-539-4560"
    }
  }, 
  {
    "pk": 23, 
    "model": "coop.phonenumber", 
    "fields": {
      "phone_type": "", 
      "number": "387-750-6798"
    }
  }, 
  {
    "pk": 24, 
    "model": "coop.phonenumber", 
    "fields": {
      "phone_type": "", 
      "number": "362-268-4012"
    }
  }, 
  {
    "pk": 25, 
    "model": "coop.phonenumber", 
    "fields": {
      "phone_type": "", 
      "number": "683-748-3592"
    }
  }, 
  {
    "pk": 26, 
    "model": "coop.phonenumber", 
    "fields": {
      "phone_type": "", 
      "number": "146-485-6259"
    }
  }, 
  {
    "pk": 27, 
    "model": "coop.phonenumber", 
    "fields": {
      "phone_type": "", 
      "number": "619-425-3592"
    }
  }, 
  {
    "pk": 28, 
    "model": "coop.phonenumber", 
    "fields": {
      "phone_type": "", 
      "number": "076-293-1630"
    }
  }, 
  {
    "pk": 29, 
    "model": "coop.phonenumber", 
    "fields": {
      "phone_type": "", 
      "number": "415-159-0274"
    }
  }, 
  {
    "pk": 30, 
    "model": "coop.phonenumber", 
    "fields": {
      "phone_type": "", 
      "number": "301-820-2158"
    }
  }, 
  {
    "pk": 31, 
    "model": "coop.phonenumber", 
    "fields": {
      "phone_type": "", 
      "number": "183-049-7839"
    }
  }, 
  {
    "pk": 32, 
    "model": "coop.phonenumber", 
    "fields": {
      "phone_type": "", 
      "number": "865-865-5602"
    }
  }, 
  {
    "pk": 33, 
    "model": "coop.phonenumber", 
    "fields": {
      "phone_type": "cell", 
      "number": "403-028-1285"
    }
  }, 
  {
    "pk": 34, 
    "model": "coop.phonenumber", 
    "fields": {
      "phone_type": "cell", 
      "number": "139-402-8915"
    }
  }, 
  {
    "pk": 35, 
    "model": "coop.phonenumber", 
    "fields": {
      "phone_type": "home", 
      "number": "653-725-1475"
    }
  }, 
  {
    "pk": 36, 
    "model": "coop.phonenumber", 
    "fields": {
      "phone_type": "cell", 
      "number": "903-042-0174"
    }
  }, 
  {
    "pk": 37, 
    "model": "coop.phonenumber", 
    "fields": {
      "phone_type": "", 
      "number": "918-803-3251"
    }
  }, 
  {
    "pk": 38, 
    "model": "coop.phonenumber", 
    "fields": {
      "phone_type": "", 
      "number": "465-681-1290"
    }
  }, 
  {
    "pk": 39, 
    "model": "coop.phonenumber", 
    "fields": {
      "phone_type": "home", 
      "number": "657-941-9721"
    }
  }, 
  {
    "pk": 40, 
    "model": "coop.phonenumber", 
    "fields": {
      "phone_type": "cell", 
      "number": "620-378-0945"
    }
  }, 
  {
    "pk": 41, 
    "model": "coop.phonenumber", 
    "fields": {
      "phone_type": "", 
      "number": "631-243-1297"
    }
  }, 
  {
    "pk": 42, 
    "model": "coop.phonenumber", 
    "fields": {
      "phone_type": "", 
      "number": "906-392-6209"
    }
  }, 
  {
    "pk": 43, 
    "model": "coop.phonenumber", 
    "fields": {
      "phone_type": "", 
      "number": "526-803-0964"
    }
  }, 
  {
    "pk": 44, 
    "model": "coop.phonenumber", 
    "fields": {
      "phone_type": "", 
      "number": "308-483-8062"
    }
  }, 
  {
    "pk": 45, 
    "model": "coop.phonenumber", 
    "fields": {
      "phone_type": "", 
      "number": "023-563-4738"
    }
  }, 
  {
    "pk": 46, 
    "model": "coop.phonenumber", 
    "fields": {
      "phone_type": "", 
      "number": "946-563-3179"
    }
  }, 
  {
    "pk": 47, 
    "model": "coop.phonenumber", 
    "fields": {
      "phone_type": "", 
      "number": "256-031-3497"
    }
  }, 
  {
    "pk": 48, 
    "model": "coop.phonenumber", 
    "fields": {
      "phone_type": "home", 
      "number": "265-596-1832"
    }
  }, 
  {
    "pk": 49, 
    "model": "coop.phonenumber", 
    "fields": {
      "phone_type": "cell", 
      "number": "251-392-8930"
    }
  }, 
  {
    "pk": 50, 
    "model": "coop.phonenumber", 
    "fields": {
      "phone_type": "cell", 
      "number": "679-675-2314"
    }
  }, 
  {
    "pk": 51, 
    "model": "coop.phonenumber", 
    "fields": {
      "phone_type": "", 
      "number": "948-972-4871"
    }
  }, 
  {
    "pk": 52, 
    "model": "coop.phonenumber", 
    "fields": {
      "phone_type": "", 
      "number": "375-160-6238"
    }
  }, 
  {
    "pk": 1, 
    "model": "coop.committee", 
    "fields": {
      "chair": 1, 
      "name": "Pets", 
      "members": [
        1
      ]
    }
  }, 
  {
    "pk": 1, 
    "model": "coop.forum", 
    "fields": {
      "name": "Pets", 
      "description": "Forum for the pets committee"
    }
  }, 
  {
    "pk": 2, 
    "model": "coop.committee", 
    "fields": {
      "chair": 31, 
      "name": "20-20", 
      "members": [
        1, 
        31, 
        37, 
        69
      ]
    }
  }, 
  {
    "pk": 2, 
    "model": "coop.forum", 
    "fields": {
      "name": "20-20", 
      "description": "Forum for the 20-20 committee"
    }
  }, 
  {
    "pk": 3, 
    "model": "coop.committee", 
    "fields": {
      "chair": 16, 
      "name": "Membership", 
      "members": [
        2, 
        15, 
        16, 
        25, 
        26, 
        36, 
        37, 
        46, 
        63
      ]
    }
  }, 
  {
    "pk": 3, 
    "model": "coop.forum", 
    "fields": {
      "name": "Membership", 
      "description": "Forum for the membership committee"
    }
  }, 
  {
    "pk": 4, 
    "model": "coop.committee", 
    "fields": {
      "chair": 50, 
      "name": "Grounds", 
      "members": [
        3, 
        17, 
        18, 
        19, 
        42, 
        43, 
        49, 
        50, 
        58, 
        69, 
        70
      ]
    }
  }, 
  {
    "pk": 4, 
    "model": "coop.forum", 
    "fields": {
      "name": "Grounds", 
      "description": "Forum for the grounds committee"
    }
  }, 
  {
    "pk": 5, 
    "model": "coop.committee", 
    "fields": {
      "chair": 40, 
      "name": "Maintenance", 
      "members": [
        4, 
        5, 
        31, 
        34, 
        35, 
        40, 
        46, 
        56, 
        60, 
        63, 
        66, 
        67
      ]
    }
  }, 
  {
    "pk": 5, 
    "model": "coop.forum", 
    "fields": {
      "name": "Maintenance", 
      "description": "Forum for the maintenance committee"
    }
  }, 
  {
    "pk": 6, 
    "model": "coop.committee", 
    "fields": {
      "chair": 10, 
      "name": "Finance", 
      "members": [
        8, 
        10, 
        20, 
        32, 
        51
      ]
    }
  }, 
  {
    "pk": 6, 
    "model": "coop.forum", 
    "fields": {
      "name": "Finance", 
      "description": "Forum for the finance committee"
    }
  }, 
  {
    "pk": 7, 
    "model": "coop.committee", 
    "fields": {
      "chair": 14, 
      "name": "Kids", 
      "members": [
        13, 
        14
      ]
    }
  }, 
  {
    "pk": 7, 
    "model": "coop.forum", 
    "fields": {
      "name": "Kids", 
      "description": "Forum for the kids committee"
    }
  }, 
  {
    "pk": 8, 
    "model": "coop.committee", 
    "fields": {
      "chair": 30, 
      "name": "Board", 
      "members": [
        21, 
        30, 
        36, 
        46, 
        49, 
        63, 
        69
      ]
    }
  }, 
  {
    "pk": 8, 
    "model": "coop.forum", 
    "fields": {
      "name": "Board", 
      "description": "Forum for the board committee"
    }
  }, 
  {
    "pk": 9, 
    "model": "coop.committee", 
    "fields": {
      "chair": null, 
      "name": "Move in/out", 
      "members": [
        22
      ]
    }
  }, 
  {
    "pk": 9, 
    "model": "coop.forum", 
    "fields": {
      "name": "Move in/out", 
      "description": "Forum for the move in/out committee"
    }
  }, 
  {
    "pk": 10, 
    "model": "coop.committee", 
    "fields": {
      "chair": 25, 
      "name": "Welcoming", 
      "members": [
        25, 
        26
      ]
    }
  }, 
  {
    "pk": 10, 
    "model": "coop.forum", 
    "fields": {
      "name": "Welcoming", 
      "description": "Forum for the welcoming committee"
    }
  }, 
  {
    "pk": 11, 
    "model": "coop.committee", 
    "fields": {
      "chair": 38, 
      "name": "Participation", 
      "members": [
        38
      ]
    }
  }, 
  {
    "pk": 11, 
    "model": "coop.forum", 
    "fields": {
      "name": "Participation", 
      "description": "Forum for the participation committee"
    }
  }, 
  {
    "pk": 12, 
    "model": "coop.committee", 
    "fields": {
      "chair": 52, 
      "name": "Common room", 
      "members": [
        42, 
        43, 
        52, 
        65
      ]
    }
  }, 
  {
    "pk": 12, 
    "model": "coop.forum", 
    "fields": {
      "name": "Common room", 
      "description": "Forum for the common room committee"
    }
  }, 
  {
    "pk": 13, 
    "model": "coop.committee", 
    "fields": {
      "chair": null, 
      "name": "Social", 
      "members": [
        57
      ]
    }
  }, 
  {
    "pk": 13, 
    "model": "coop.forum", 
    "fields": {
      "name": "Social", 
      "description": "Forum for the social committee"
    }
  }, 
  {
    "pk": 1, 
    "model": "coop.move", 
    "fields": {
      "movers": [
        9, 
        10
      ], 
      "out_unit": 37, 
      "move_type": "internal move", 
      "in_unit": 8, 
      "move_date": "2014-08-01"
    }
  }, 
  {
    "pk": 2, 
    "model": "coop.move", 
    "fields": {
      "out_unit": null, 
      "movers": [
        11, 
        12
      ], 
      "notes": "Moving from Winnipeg", 
      "move_type": "move in", 
      "in_unit": 9, 
      "move_date": "2014-08-01"
    }
  }, 
  {
    "pk": 3, 
    "model": "coop.move", 
    "fields": {
      "movers": [
        33
      ], 
      "out_unit": null, 
      "move_type": "move in", 
      "in_unit": 23, 
      "move_date": "2014-08-01"
    }
  }, 
  {
    "pk": 4, 
    "model": "coop.move", 
    "fields": {
      "movers": [
        47, 
        48
      ], 
      "out_unit": null, 
      "move_type": "move in", 
      "in_unit": 32, 
      "move_date": "2014-08-01"
    }
  }, 
  {
    "pk": 5, 
    "model": "coop.move", 
    "fields": {
      "movers": [
        56, 
        57
      ], 
      "out_unit": 32, 
      "move_type": "internal move", 
      "in_unit": 37, 
      "move_date": "2014-07-31"
    }
  }, 
  {
    "pk": 1, 
    "model": "coop.blockrepresentative", 
    "fields": {
      "block_number": 1701, 
      "role": "roof monitor", 
      "committee": 5, 
      "person": 5
    }
  }, 
  {
    "pk": 2, 
    "model": "coop.blockrepresentative", 
    "fields": {
      "block_number": 1701, 
      "role": "maintenance", 
      "committee": 5, 
      "person": 4
    }
  }, 
  {
    "pk": 3, 
    "model": "coop.blockrepresentative", 
    "fields": {
      "block_number": 1703, 
      "role": "maintenance", 
      "committee": 5, 
      "person": 40
    }
  }, 
  {
    "pk": 4, 
    "model": "coop.blockrepresentative", 
    "fields": {
      "block_number": 1703, 
      "role": "roof monitor", 
      "committee": 5, 
      "person": null
    }
  }, 
  {
    "pk": 5, 
    "model": "coop.blockrepresentative", 
    "fields": {
      "block_number": 1715, 
      "role": "maintenance", 
      "committee": 5, 
      "person": 34
    }
  }, 
  {
    "pk": 6, 
    "model": "coop.blockrepresentative", 
    "fields": {
      "block_number": 1715, 
      "role": "roof monitor", 
      "committee": 5, 
      "person": 36
    }
  }, 
  {
    "pk": 7, 
    "model": "coop.blockrepresentative", 
    "fields": {
      "block_number": 1739, 
      "role": "maintenance", 
      "committee": 5, 
      "person": 40
    }
  }, 
  {
    "pk": 8, 
    "model": "coop.blockrepresentative", 
    "fields": {
      "block_number": 1739, 
      "role": "roof monitor", 
      "committee": 5, 
      "person": null
    }
  }, 
  {
    "pk": 9, 
    "model": "coop.blockrepresentative", 
    "fields": {
      "block_number": 1747, 
      "role": "maintenance", 
      "committee": 5, 
      "person": 60
    }
  }, 
  {
    "pk": 10, 
    "model": "coop.blockrepresentative", 
    "fields": {
      "block_number": 1747, 
      "role": "roof monitor", 
      "committee": 5, 
      "person": 63
    }
  }, 
  {
    "pk": 101, 
    "model": "coop.forum", 
    "fields": {
      "name": "Classifieds", 
      "description": "Use this forum to advertize give-aways , trades, sales, and wanted items."
    }
  }, 
  {
    "pk": 102, 
    "model": "coop.forum", 
    "fields": {
      "name": "General Discussion", 
      "description": "General discussions about co-op business."
    }
  }, 
  {
    "pk": 1, 
    "model": "coop.thread", 
    "fields": {
      "forum": 102, 
      "subject": "Welcome"
    }
  }, 
  {
    "pk": 1, 
    "model": "coop.post", 
    "fields": {
      "post": "Hello fellow co-op members. Welcome to the Common Ground Co-op discussion forum. This is the first post of the \"Welcome\" thread of the \"General Discussion\" forum.", 
      "thread": 1, 
      "subject": "Welcome"
    }
  }
]